{
"type": "FeatureCollection",
"name": "CONUS",
"crs": { "type": "name", "properties": { "name": "urn:ogc:def:crs:OGC:1.3:CRS84" } },
"features": [
{ "type": "Feature", "properties": { "ID": 110 }, "geometry": { "type": "MultiPolygon", "coordinates": [ [ [ [ -81.73, 24.57 ], [ -81.74, 24.56 ], [ -81.81, 24.55 ], [ -81.79, 24.57 ], [ -81.78, 24.56 ], [ -81.74, 24.58 ], [ -81.73, 24.57 ] ] ], [ [ [ -81.65, 24.6 ], [ -81.67, 24.59 ], [ -81.67, 24.56 ], [ -81.71, 24.56 ], [ -81.71, 24.58 ], [ -81.67, 24.6 ], [ -81.65, 24.6 ] ] ], [ [ [ -81.44, 24.67 ], [ -81.43, 24.65 ], [ -81.47, 24.67 ], [ -81.45, 24.69 ], [ -81.44, 24.67 ] ] ], [ [ [ -81.53, 24.68 ], [ -81.51, 24.65 ], [ -81.51, 24.63 ], [ -81.55, 24.62 ], [ -81.59, 24.6 ], [ -81.62, 24.6 ], [ -81.62, 24.64 ], [ -81.59, 24.65 ], [ -81.59, 24.61 ], [ -81.56, 24.62 ], [ -81.57, 24.64 ], [ -81.54, 24.64 ], [ -81.52, 24.66 ], [ -81.55, 24.67 ], [ -81.55, 24.69 ], [ -81.53, 24.68 ] ] ], [ [ [ -81.51, 24.7 ], [ -81.5, 24.7 ], [ -81.47, 24.66 ], [ -81.5, 24.66 ], [ -81.52, 24.68 ], [ -81.51, 24.7 ] ] ], [ [ [ -81.03, 24.74 ], [ -81.04, 24.72 ], [ -81.07, 24.71 ], [ -81.13, 24.71 ], [ -81.13, 24.71 ], [ -81.08, 24.73 ], [ -81.03, 24.74 ] ] ], [ [ [ -81.36, 24.7 ], [ -81.34, 24.67 ], [ -81.33, 24.66 ], [ -81.36, 24.66 ], [ -81.37, 24.68 ], [ -81.39, 24.7 ], [ -81.4, 24.73 ], [ -81.39, 24.74 ], [ -81.36, 24.7 ] ] ], [ [ [ -80.94, 24.77 ], [ -80.96, 24.75 ], [ -80.98, 24.74 ], [ -81.01, 24.72 ], [ -81.02, 24.74 ], [ -80.98, 24.75 ], [ -80.96, 24.77 ], [ -80.94, 24.77 ] ] ], [ [ [ -81.02, 25.26 ], [ -80.97, 25.23 ], [ -81.0, 25.22 ], [ -81.04, 25.25 ], [ -81.02, 25.26 ] ] ], [ [ [ -80.25, 25.36 ], [ -80.25, 25.33 ], [ -80.27, 25.33 ], [ -80.27, 25.31 ], [ -80.31, 25.25 ], [ -80.32, 25.24 ], [ -80.34, 25.2 ], [ -80.36, 25.18 ], [ -80.36, 25.16 ], [ -80.37, 25.14 ], [ -80.41, 25.11 ], [ -80.43, 25.1 ], [ -80.45, 25.08 ], [ -80.46, 25.08 ], [ -80.49, 25.03 ], [ -80.51, 25.01 ], [ -80.56, 24.97 ], [ -80.54, 25.02 ], [ -80.52, 25.02 ], [ -80.51, 25.04 ], [ -80.48, 25.06 ], [ -80.44, 25.11 ], [ -80.42, 25.13 ], [ -80.42, 25.15 ], [ -80.4, 25.16 ], [ -80.37, 25.21 ], [ -80.36, 25.22 ], [ -80.35, 25.23 ], [ -80.33, 25.26 ], [ -80.36, 25.29 ], [ -80.34, 25.3 ], [ -80.32, 25.3 ], [ -80.29, 25.32 ], [ -80.27, 25.35 ], [ -80.25, 25.36 ] ] ], [ [ [ -80.15, 25.73 ], [ -80.15, 25.7 ], [ -80.15, 25.68 ], [ -80.18, 25.69 ], [ -80.16, 25.73 ], [ -80.15, 25.73 ] ] ], [ [ [ -81.26, 25.74 ], [ -81.25, 25.73 ], [ -81.26, 25.71 ], [ -81.28, 25.71 ], [ -81.28, 25.74 ], [ -81.26, 25.74 ] ] ], [ [ [ -81.28, 25.78 ], [ -81.29, 25.76 ], [ -81.28, 25.75 ], [ -81.29, 25.74 ], [ -81.29, 25.72 ], [ -81.32, 25.71 ], [ -81.33, 25.74 ], [ -81.33, 25.76 ], [ -81.36, 25.77 ], [ -81.31, 25.79 ], [ -81.29, 25.8 ], [ -81.28, 25.78 ] ] ], [ [ [ -81.32, 25.81 ], [ -81.31, 25.81 ], [ -81.3, 25.8 ], [ -81.33, 25.8 ], [ -81.32, 25.81 ] ] ], [ [ [ -81.5, 25.88 ], [ -81.53, 25.88 ], [ -81.52, 25.89 ], [ -81.5, 25.88 ] ] ], [ [ [ -81.7, 25.88 ], [ -81.67, 25.88 ], [ -81.67, 25.86 ], [ -81.69, 25.86 ], [ -81.7, 25.88 ] ] ], [ [ [ -80.13, 25.77 ], [ -80.14, 25.79 ], [ -80.13, 25.85 ], [ -80.12, 25.86 ], [ -80.13, 25.89 ], [ -80.12, 26.09 ], [ -80.11, 26.09 ], [ -80.12, 26.0 ], [ -80.12, 25.87 ], [ -80.12, 25.83 ], [ -80.13, 25.77 ] ] ], [ [ [ -80.08, 26.35 ], [ -80.07, 26.3 ], [ -80.08, 26.25 ], [ -80.09, 26.25 ], [ -80.09, 26.31 ], [ -80.08, 26.38 ], [ -80.06, 26.51 ], [ -80.06, 26.4 ], [ -80.07, 26.38 ], [ -80.08, 26.35 ] ] ], [ [ [ -82.19, 26.52 ], [ -82.18, 26.49 ], [ -82.15, 26.48 ], [ -82.12, 26.45 ], [ -82.09, 26.46 ], [ -82.08, 26.45 ], [ -82.06, 26.46 ], [ -82.03, 26.44 ], [ -82.08, 26.42 ], [ -82.13, 26.44 ], [ -82.15, 26.46 ], [ -82.18, 26.47 ], [ -82.19, 26.5 ], [ -82.19, 26.52 ] ] ], [ [ [ -82.09, 26.63 ], [ -82.08, 26.63 ], [ -82.07, 26.61 ], [ -82.07, 26.58 ], [ -82.09, 26.58 ], [ -82.1, 26.63 ], [ -82.09, 26.63 ] ] ], [ [ [ -82.15, 26.7 ], [ -82.13, 26.69 ], [ -82.11, 26.64 ], [ -82.12, 26.62 ], [ -82.1, 26.58 ], [ -82.09, 26.57 ], [ -82.08, 26.49 ], [ -82.1, 26.49 ], [ -82.1, 26.51 ], [ -82.12, 26.58 ], [ -82.14, 26.59 ], [ -82.13, 26.61 ], [ -82.14, 26.65 ], [ -82.17, 26.66 ], [ -82.17, 26.69 ], [ -82.15, 26.7 ] ] ], [ [ [ -82.22, 26.62 ], [ -82.25, 26.65 ], [ -82.24, 26.66 ], [ -82.22, 26.64 ], [ -82.22, 26.62 ] ] ], [ [ [ -80.04, 26.55 ], [ -80.04, 26.63 ], [ -80.04, 26.65 ], [ -80.04, 26.73 ], [ -80.03, 26.73 ], [ -80.03, 26.67 ], [ -80.04, 26.61 ], [ -80.03, 26.57 ], [ -80.04, 26.55 ] ] ], [ [ [ -82.27, 26.81 ], [ -82.26, 26.78 ], [ -82.25, 26.76 ], [ -82.26, 26.73 ], [ -82.27, 26.73 ], [ -82.27, 26.77 ], [ -82.28, 26.8 ], [ -82.27, 26.81 ] ] ], [ [ [ -80.04, 26.85 ], [ -80.07, 26.85 ], [ -80.07, 26.88 ], [ -80.09, 26.94 ], [ -80.07, 26.94 ], [ -80.05, 26.89 ], [ -80.04, 26.85 ] ] ], [ [ [ -97.47, 27.01 ], [ -97.48, 27.04 ], [ -97.47, 27.04 ], [ -97.46, 27.01 ], [ -97.47, 27.01 ] ] ], [ [ [ -80.07, 26.96 ], [ -80.09, 27.01 ], [ -80.12, 27.06 ], [ -80.14, 27.13 ], [ -80.09, 27.01 ], [ -80.07, 26.97 ], [ -80.07, 26.96 ] ] ], [ [ [ -97.38, 26.98 ], [ -97.38, 26.95 ], [ -97.37, 26.92 ], [ -97.37, 26.86 ], [ -97.36, 26.8 ], [ -97.34, 26.73 ], [ -97.31, 26.64 ], [ -97.29, 26.59 ], [ -97.28, 26.56 ], [ -97.25, 26.46 ], [ -97.23, 26.41 ], [ -97.21, 26.32 ], [ -97.23, 26.36 ], [ -97.23, 26.37 ], [ -97.24, 26.39 ], [ -97.24, 26.41 ], [ -97.25, 26.42 ], [ -97.27, 26.48 ], [ -97.28, 26.54 ], [ -97.29, 26.57 ], [ -97.31, 26.63 ], [ -97.33, 26.66 ], [ -97.35, 26.67 ], [ -97.35, 26.72 ], [ -97.37, 26.74 ], [ -97.35, 26.76 ], [ -97.37, 26.78 ], [ -97.38, 26.82 ], [ -97.39, 26.83 ], [ -97.38, 26.86 ], [ -97.4, 26.92 ], [ -97.39, 26.95 ], [ -97.4, 27.0 ], [ -97.39, 27.01 ], [ -97.4, 27.05 ], [ -97.4, 27.09 ], [ -97.4, 27.11 ], [ -97.39, 27.13 ], [ -97.4, 27.17 ], [ -97.39, 27.2 ], [ -97.37, 27.2 ], [ -97.39, 27.1 ], [ -97.39, 27.03 ], [ -97.38, 26.98 ] ] ], [ [ [ -97.5, 27.31 ], [ -97.5, 27.28 ], [ -97.52, 27.28 ], [ -97.55, 27.28 ], [ -97.53, 27.3 ], [ -97.5, 27.31 ] ] ], [ [ [ -82.63, 27.39 ], [ -82.61, 27.38 ], [ -82.58, 27.33 ], [ -82.63, 27.38 ], [ -82.63, 27.39 ] ] ], [ [ [ -80.29, 27.46 ], [ -80.28, 27.43 ], [ -80.27, 27.42 ], [ -80.22, 27.32 ], [ -80.19, 27.24 ], [ -80.16, 27.2 ], [ -80.19, 27.21 ], [ -80.21, 27.24 ], [ -80.21, 27.29 ], [ -80.24, 27.34 ], [ -80.26, 27.34 ], [ -80.26, 27.38 ], [ -80.28, 27.41 ], [ -80.28, 27.43 ], [ -80.3, 27.44 ], [ -80.3, 27.46 ], [ -80.29, 27.46 ] ] ], [ [ [ -97.05, 27.82 ], [ -97.07, 27.8 ], [ -97.12, 27.73 ], [ -97.15, 27.7 ], [ -97.2, 27.61 ], [ -97.22, 27.58 ], [ -97.25, 27.52 ], [ -97.28, 27.48 ], [ -97.33, 27.38 ], [ -97.35, 27.31 ], [ -97.36, 27.27 ], [ -97.37, 27.22 ], [ -97.4, 27.22 ], [ -97.38, 27.27 ], [ -97.38, 27.3 ], [ -97.36, 27.31 ], [ -97.37, 27.33 ], [ -97.37, 27.36 ], [ -97.34, 27.42 ], [ -97.34, 27.44 ], [ -97.3, 27.5 ], [ -97.27, 27.56 ], [ -97.25, 27.58 ], [ -97.26, 27.6 ], [ -97.24, 27.62 ], [ -97.26, 27.64 ], [ -97.2, 27.63 ], [ -97.17, 27.69 ], [ -97.17, 27.71 ], [ -97.13, 27.74 ], [ -97.09, 27.81 ], [ -97.08, 27.82 ], [ -97.05, 27.82 ] ] ], [ [ [ -80.37, 27.71 ], [ -80.37, 27.69 ], [ -80.35, 27.65 ], [ -80.35, 27.64 ], [ -80.34, 27.61 ], [ -80.32, 27.56 ], [ -80.31, 27.51 ], [ -80.33, 27.51 ], [ -80.32, 27.53 ], [ -80.34, 27.54 ], [ -80.34, 27.57 ], [ -80.33, 27.58 ], [ -80.34, 27.6 ], [ -80.36, 27.62 ], [ -80.37, 27.67 ], [ -80.38, 27.69 ], [ -80.4, 27.76 ], [ -80.42, 27.77 ], [ -80.42, 27.79 ], [ -80.44, 27.81 ], [ -80.43, 27.82 ], [ -80.45, 27.84 ], [ -80.44, 27.85 ], [ -80.42, 27.8 ], [ -80.37, 27.71 ] ] ], [ [ [ -96.99, 27.92 ], [ -97.02, 27.9 ], [ -97.03, 27.91 ], [ -96.99, 27.94 ], [ -96.97, 27.97 ], [ -96.95, 27.98 ], [ -96.97, 28.0 ], [ -96.96, 28.02 ], [ -96.94, 28.05 ], [ -96.93, 28.08 ], [ -96.92, 28.09 ], [ -96.89, 28.11 ], [ -96.87, 28.13 ], [ -96.84, 28.1 ], [ -96.85, 28.05 ], [ -96.95, 27.96 ], [ -96.99, 27.92 ] ] ], [ [ [ -96.4, 28.35 ], [ -96.4, 28.33 ], [ -96.45, 28.3 ], [ -96.57, 28.25 ], [ -96.64, 28.2 ], [ -96.67, 28.19 ], [ -96.69, 28.17 ], [ -96.78, 28.11 ], [ -96.83, 28.07 ], [ -96.83, 28.08 ], [ -96.82, 28.1 ], [ -96.8, 28.12 ], [ -96.81, 28.14 ], [ -96.8, 28.17 ], [ -96.79, 28.18 ], [ -96.74, 28.18 ], [ -96.7, 28.2 ], [ -96.68, 28.22 ], [ -96.66, 28.23 ], [ -96.65, 28.25 ], [ -96.61, 28.26 ], [ -96.6, 28.28 ], [ -96.53, 28.29 ], [ -96.49, 28.32 ], [ -96.49, 28.33 ], [ -96.45, 28.33 ], [ -96.43, 28.36 ], [ -96.44, 28.37 ], [ -96.42, 28.39 ], [ -96.41, 28.4 ], [ -96.4, 28.38 ], [ -96.41, 28.37 ], [ -96.4, 28.35 ] ] ], [ [ [ -96.24, 28.47 ], [ -96.35, 28.4 ], [ -96.35, 28.42 ], [ -96.33, 28.44 ], [ -96.25, 28.48 ], [ -96.24, 28.47 ] ] ], [ [ [ -80.65, 28.6 ], [ -80.62, 28.59 ], [ -80.61, 28.56 ], [ -80.62, 28.51 ], [ -80.64, 28.5 ], [ -80.66, 28.43 ], [ -80.67, 28.39 ], [ -80.66, 28.32 ], [ -80.67, 28.31 ], [ -80.66, 28.26 ], [ -80.66, 28.24 ], [ -80.69, 28.33 ], [ -80.71, 28.34 ], [ -80.7, 28.36 ], [ -80.72, 28.39 ], [ -80.72, 28.45 ], [ -80.71, 28.46 ], [ -80.73, 28.48 ], [ -80.73, 28.54 ], [ -80.7, 28.54 ], [ -80.7, 28.58 ], [ -80.66, 28.58 ], [ -80.65, 28.6 ] ] ], [ [ [ -80.86, 28.99 ], [ -80.83, 28.95 ], [ -80.77, 28.85 ], [ -80.76, 28.84 ], [ -80.74, 28.8 ], [ -80.69, 28.73 ], [ -80.64, 28.67 ], [ -80.61, 28.63 ], [ -80.58, 28.59 ], [ -80.57, 28.56 ], [ -80.56, 28.54 ], [ -80.54, 28.49 ], [ -80.53, 28.46 ], [ -80.53, 28.45 ], [ -80.57, 28.43 ], [ -80.59, 28.4 ], [ -80.6, 28.33 ], [ -80.6, 28.28 ], [ -80.6, 28.21 ], [ -80.58, 28.13 ], [ -80.55, 28.05 ], [ -80.52, 28.01 ], [ -80.48, 27.92 ], [ -80.51, 27.94 ], [ -80.5, 27.95 ], [ -80.52, 27.99 ], [ -80.56, 28.04 ], [ -80.58, 28.09 ], [ -80.59, 28.12 ], [ -80.6, 28.14 ], [ -80.6, 28.16 ], [ -80.62, 28.21 ], [ -80.61, 28.28 ], [ -80.62, 28.29 ], [ -80.61, 28.32 ], [ -80.63, 28.34 ], [ -80.61, 28.35 ], [ -80.61, 28.37 ], [ -80.62, 28.39 ], [ -80.62, 28.42 ], [ -80.6, 28.43 ], [ -80.59, 28.47 ], [ -80.58, 28.55 ], [ -80.59, 28.6 ], [ -80.61, 28.61 ], [ -80.62, 28.6 ], [ -80.64, 28.62 ], [ -80.67, 28.6 ], [ -80.67, 28.59 ], [ -80.7, 28.59 ], [ -80.73, 28.6 ], [ -80.76, 28.6 ], [ -80.79, 28.64 ], [ -80.79, 28.69 ], [ -80.77, 28.68 ], [ -80.75, 28.71 ], [ -80.75, 28.74 ], [ -80.7, 28.69 ], [ -80.69, 28.67 ], [ -80.67, 28.66 ], [ -80.65, 28.68 ], [ -80.7, 28.72 ], [ -80.7, 28.73 ], [ -80.72, 28.75 ], [ -80.73, 28.79 ], [ -80.74, 28.79 ], [ -80.76, 28.83 ], [ -80.81, 28.89 ], [ -80.82, 28.91 ], [ -80.85, 28.95 ], [ -80.86, 28.98 ], [ -80.89, 28.99 ], [ -80.89, 29.01 ], [ -80.9, 29.03 ], [ -80.9, 29.07 ], [ -80.86, 28.99 ] ] ], [ [ [ -90.63, 29.08 ], [ -90.63, 29.08 ], [ -90.69, 29.06 ], [ -90.72, 29.05 ], [ -90.73, 29.07 ], [ -90.69, 29.07 ], [ -90.66, 29.08 ], [ -90.63, 29.08 ] ] ], [ [ [ -90.27, 29.08 ], [ -90.32, 29.07 ], [ -90.32, 29.08 ], [ -90.27, 29.08 ] ] ], [ [ [ -90.49, 29.09 ], [ -90.46, 29.08 ], [ -90.41, 29.06 ], [ -90.41, 29.06 ], [ -90.47, 29.07 ], [ -90.49, 29.09 ] ] ], [ [ [ -89.02, 29.19 ], [ -89.03, 29.17 ], [ -89.05, 29.17 ], [ -89.05, 29.2 ], [ -89.02, 29.19 ] ] ], [ [ [ -90.89, 29.23 ], [ -90.91, 29.22 ], [ -90.94, 29.19 ], [ -90.96, 29.2 ], [ -90.93, 29.23 ], [ -90.91, 29.24 ], [ -90.89, 29.23 ] ] ], [ [ [ -90.54, 29.21 ], [ -90.57, 29.22 ], [ -90.56, 29.24 ], [ -90.54, 29.21 ] ] ], [ [ [ -90.42, 29.27 ], [ -90.44, 29.25 ], [ -90.45, 29.27 ], [ -90.42, 29.27 ] ] ], [ [ [ -90.99, 29.32 ], [ -90.96, 29.3 ], [ -90.95, 29.28 ], [ -90.96, 29.26 ], [ -90.98, 29.28 ], [ -90.99, 29.26 ], [ -90.98, 29.24 ], [ -90.97, 29.2 ], [ -90.96, 29.19 ], [ -91.0, 29.18 ], [ -90.99, 29.22 ], [ -91.03, 29.23 ], [ -91.04, 29.25 ], [ -91.06, 29.24 ], [ -91.05, 29.19 ], [ -91.09, 29.2 ], [ -91.12, 29.23 ], [ -91.12, 29.25 ], [ -91.11, 29.29 ], [ -91.08, 29.31 ], [ -91.06, 29.3 ], [ -91.02, 29.31 ], [ -91.0, 29.3 ], [ -90.99, 29.32 ] ] ], [ [ [ -94.76, 29.33 ], [ -94.75, 29.32 ], [ -94.79, 29.29 ], [ -94.89, 29.24 ], [ -94.93, 29.21 ], [ -95.01, 29.16 ], [ -95.04, 29.15 ], [ -95.11, 29.1 ], [ -95.1, 29.12 ], [ -95.05, 29.15 ], [ -95.03, 29.16 ], [ -94.97, 29.21 ], [ -94.95, 29.22 ], [ -94.95, 29.23 ], [ -94.92, 29.26 ], [ -94.88, 29.28 ], [ -94.87, 29.3 ], [ -94.81, 29.31 ], [ -94.79, 29.32 ], [ -94.77, 29.34 ], [ -94.76, 29.33 ] ] ], [ [ [ -94.83, 29.36 ], [ -94.79, 29.34 ], [ -94.79, 29.33 ], [ -94.82, 29.32 ], [ -94.82, 29.34 ], [ -94.83, 29.36 ] ] ], [ [ [ -91.19, 29.32 ], [ -91.16, 29.33 ], [ -91.17, 29.31 ], [ -91.16, 29.26 ], [ -91.13, 29.26 ], [ -91.13, 29.23 ], [ -91.16, 29.23 ], [ -91.21, 29.23 ], [ -91.24, 29.25 ], [ -91.28, 29.25 ], [ -91.35, 29.32 ], [ -91.31, 29.32 ], [ -91.29, 29.32 ], [ -91.27, 29.34 ], [ -91.27, 29.37 ], [ -91.23, 29.38 ], [ -91.23, 29.36 ], [ -91.19, 29.32 ] ] ], [ [ [ -91.29, 29.49 ], [ -91.31, 29.5 ], [ -91.28, 29.51 ], [ -91.27, 29.5 ], [ -91.29, 29.49 ] ] ], [ [ [ -90.09, 29.52 ], [ -90.07, 29.52 ], [ -90.05, 29.51 ], [ -90.06, 29.49 ], [ -90.09, 29.48 ], [ -90.1, 29.5 ], [ -90.12, 29.5 ], [ -90.11, 29.52 ], [ -90.09, 29.52 ] ] ], [ [ [ -89.56, 29.56 ], [ -89.59, 29.53 ], [ -89.6, 29.54 ], [ -89.58, 29.57 ], [ -89.56, 29.56 ] ] ], [ [ [ -91.88, 29.64 ], [ -91.87, 29.64 ], [ -91.82, 29.62 ], [ -91.78, 29.6 ], [ -91.76, 29.59 ], [ -91.73, 29.58 ], [ -91.71, 29.58 ], [ -91.71, 29.57 ], [ -91.76, 29.53 ], [ -91.77, 29.51 ], [ -91.79, 29.49 ], [ -91.81, 29.49 ], [ -91.85, 29.49 ], [ -91.86, 29.51 ], [ -91.88, 29.51 ], [ -91.9, 29.53 ], [ -91.93, 29.53 ], [ -92.0, 29.57 ], [ -92.03, 29.59 ], [ -91.99, 29.62 ], [ -91.95, 29.62 ], [ -91.93, 29.63 ], [ -91.92, 29.65 ], [ -91.9, 29.65 ], [ -91.88, 29.64 ] ] ], [ [ [ -85.08, 29.68 ], [ -85.1, 29.65 ], [ -85.1, 29.64 ], [ -85.13, 29.64 ], [ -85.18, 29.67 ], [ -85.21, 29.68 ], [ -85.21, 29.69 ], [ -85.18, 29.7 ], [ -85.14, 29.68 ], [ -85.14, 29.69 ], [ -85.11, 29.7 ], [ -85.08, 29.69 ], [ -85.08, 29.68 ] ] ], [ [ [ -81.08, 29.4 ], [ -81.05, 29.33 ], [ -81.03, 29.28 ], [ -80.99, 29.22 ], [ -80.97, 29.16 ], [ -80.95, 29.13 ], [ -80.92, 29.09 ], [ -80.93, 29.08 ], [ -80.96, 29.12 ], [ -80.97, 29.16 ], [ -80.99, 29.19 ], [ -81.01, 29.23 ], [ -81.04, 29.28 ], [ -81.08, 29.37 ], [ -81.11, 29.39 ], [ -81.1, 29.42 ], [ -81.11, 29.44 ], [ -81.13, 29.46 ], [ -81.14, 29.49 ], [ -81.15, 29.52 ], [ -81.18, 29.57 ], [ -81.22, 29.67 ], [ -81.22, 29.7 ], [ -81.19, 29.62 ], [ -81.17, 29.58 ], [ -81.16, 29.56 ], [ -81.13, 29.5 ], [ -81.08, 29.4 ] ] ], [ [ [ -89.42, 29.73 ], [ -89.42, 29.69 ], [ -89.45, 29.69 ], [ -89.47, 29.72 ], [ -89.46, 29.73 ], [ -89.42, 29.73 ] ] ], [ [ [ -84.74, 29.71 ], [ -84.78, 29.69 ], [ -84.85, 29.67 ], [ -84.92, 29.64 ], [ -84.94, 29.62 ], [ -85.0, 29.6 ], [ -85.05, 29.59 ], [ -85.09, 29.62 ], [ -85.03, 29.61 ], [ -85.0, 29.61 ], [ -84.96, 29.63 ], [ -84.87, 29.67 ], [ -84.74, 29.71 ] ] ], [ [ [ -89.43, 29.78 ], [ -89.44, 29.76 ], [ -89.45, 29.76 ], [ -89.48, 29.74 ], [ -89.49, 29.79 ], [ -89.47, 29.8 ], [ -89.44, 29.79 ], [ -89.43, 29.78 ] ] ], [ [ [ -84.57, 29.82 ], [ -84.58, 29.8 ], [ -84.65, 29.78 ], [ -84.64, 29.8 ], [ -84.62, 29.8 ], [ -84.59, 29.82 ], [ -84.57, 29.82 ] ] ], [ [ [ -89.3, 29.84 ], [ -89.32, 29.83 ], [ -89.34, 29.86 ], [ -89.31, 29.86 ], [ -89.3, 29.84 ] ] ], [ [ [ -81.26, 29.82 ], [ -81.25, 29.78 ], [ -81.26, 29.78 ], [ -81.28, 29.82 ], [ -81.29, 29.82 ], [ -81.3, 29.91 ], [ -81.28, 29.89 ], [ -81.26, 29.87 ], [ -81.26, 29.82 ] ] ], [ [ [ -89.36, 29.92 ], [ -89.39, 29.9 ], [ -89.4, 29.92 ], [ -89.37, 29.92 ], [ -89.36, 29.92 ] ] ], [ [ [ -89.23, 29.96 ], [ -89.22, 29.94 ], [ -89.26, 29.94 ], [ -89.27, 29.95 ], [ -89.23, 29.96 ] ] ], [ [ [ -89.26, 30.0 ], [ -89.26, 29.99 ], [ -89.27, 29.96 ], [ -89.29, 29.97 ], [ -89.27, 29.99 ], [ -89.27, 30.0 ], [ -89.26, 30.0 ] ] ], [ [ [ -88.86, 29.75 ], [ -88.85, 29.8 ], [ -88.84, 29.81 ], [ -88.83, 29.83 ], [ -88.82, 29.89 ], [ -88.81, 29.88 ], [ -88.82, 29.83 ], [ -88.84, 29.77 ], [ -88.86, 29.75 ] ] ], [ [ [ -89.47, 30.05 ], [ -89.49, 30.07 ], [ -89.48, 30.09 ], [ -89.45, 30.07 ], [ -89.47, 30.05 ] ] ], [ [ [ -89.22, 30.1 ], [ -89.23, 30.08 ], [ -89.22, 30.06 ], [ -89.2, 30.06 ], [ -89.2, 30.08 ], [ -89.18, 30.07 ], [ -89.19, 30.04 ], [ -89.22, 30.05 ], [ -89.23, 30.03 ], [ -89.25, 30.07 ], [ -89.24, 30.1 ], [ -89.22, 30.1 ] ] ], [ [ [ -89.24, 30.12 ], [ -89.28, 30.08 ], [ -89.28, 30.1 ], [ -89.26, 30.13 ], [ -89.24, 30.12 ] ] ], [ [ [ -89.06, 30.24 ], [ -89.08, 30.22 ], [ -89.1, 30.22 ], [ -89.1, 30.24 ], [ -89.06, 30.24 ] ] ], [ [ [ -88.12, 30.27 ], [ -88.08, 30.25 ], [ -88.11, 30.25 ], [ -88.12, 30.27 ] ] ], [ [ [ -81.41, 30.39 ], [ -81.4, 30.39 ], [ -81.4, 30.34 ], [ -81.39, 30.31 ], [ -81.38, 30.26 ], [ -81.36, 30.21 ], [ -81.35, 30.19 ], [ -81.33, 30.1 ], [ -81.32, 30.06 ], [ -81.31, 30.01 ], [ -81.31, 29.97 ], [ -81.33, 30.01 ], [ -81.36, 30.05 ], [ -81.36, 30.1 ], [ -81.39, 30.16 ], [ -81.41, 30.23 ], [ -81.43, 30.25 ], [ -81.41, 30.29 ], [ -81.42, 30.31 ], [ -81.43, 30.33 ], [ -81.43, 30.35 ], [ -81.44, 30.38 ], [ -81.41, 30.39 ] ] ], [ [ [ -86.64, 30.41 ], [ -86.59, 30.41 ], [ -86.53, 30.41 ], [ -86.53, 30.39 ], [ -86.57, 30.4 ], [ -86.67, 30.41 ], [ -86.71, 30.4 ], [ -86.74, 30.4 ], [ -86.79, 30.39 ], [ -86.85, 30.39 ], [ -87.0, 30.36 ], [ -87.06, 30.36 ], [ -87.15, 30.34 ], [ -87.26, 30.32 ], [ -87.26, 30.33 ], [ -87.22, 30.33 ], [ -87.17, 30.34 ], [ -87.16, 30.35 ], [ -87.1, 30.35 ], [ -87.05, 30.37 ], [ -87.03, 30.37 ], [ -86.99, 30.38 ], [ -86.92, 30.38 ], [ -86.85, 30.4 ], [ -86.82, 30.4 ], [ -86.74, 30.41 ], [ -86.64, 30.41 ] ] ], [ [ [ -81.45, 30.39 ], [ -81.45, 30.44 ], [ -81.43, 30.43 ], [ -81.42, 30.4 ], [ -81.44, 30.4 ], [ -81.45, 30.39 ] ] ], [ [ [ -81.44, 30.47 ], [ -81.41, 30.48 ], [ -81.41, 30.45 ], [ -81.44, 30.45 ], [ -81.45, 30.47 ], [ -81.45, 30.48 ], [ -81.46, 30.5 ], [ -81.45, 30.51 ], [ -81.44, 30.49 ], [ -81.44, 30.47 ] ] ], [ [ [ -81.43, 30.63 ], [ -81.44, 30.59 ], [ -81.43, 30.53 ], [ -81.44, 30.52 ], [ -81.46, 30.55 ], [ -81.46, 30.57 ], [ -81.47, 30.6 ], [ -81.48, 30.66 ], [ -81.46, 30.67 ], [ -81.46, 30.7 ], [ -81.43, 30.7 ], [ -81.43, 30.63 ] ] ], [ [ [ -81.5, 30.7 ], [ -81.51, 30.69 ], [ -81.53, 30.69 ], [ -81.52, 30.71 ], [ -81.5, 30.7 ] ] ], [ [ [ -81.41, 30.94 ], [ -81.4, 30.93 ], [ -81.41, 30.88 ], [ -81.43, 30.83 ], [ -81.45, 30.8 ], [ -81.46, 30.76 ], [ -81.45, 30.72 ], [ -81.47, 30.72 ], [ -81.48, 30.74 ], [ -81.47, 30.76 ], [ -81.47, 30.79 ], [ -81.47, 30.81 ], [ -81.48, 30.84 ], [ -81.47, 30.86 ], [ -81.49, 30.87 ], [ -81.5, 30.88 ], [ -81.49, 30.9 ], [ -81.46, 30.9 ], [ -81.45, 30.92 ], [ -81.43, 30.94 ], [ -81.41, 30.94 ] ] ], [ [ [ -81.45, 31.08 ], [ -81.44, 31.08 ], [ -81.43, 31.05 ], [ -81.45, 31.04 ], [ -81.46, 31.05 ], [ -81.47, 31.06 ], [ -81.49, 31.08 ], [ -81.5, 31.08 ], [ -81.5, 31.12 ], [ -81.47, 31.09 ], [ -81.45, 31.08 ] ] ], [ [ [ -81.43, 31.01 ], [ -81.44, 31.02 ], [ -81.43, 31.06 ], [ -81.44, 31.09 ], [ -81.41, 31.12 ], [ -81.4, 31.08 ], [ -81.43, 31.01 ] ] ], [ [ [ -80.74, 32.3 ], [ -80.76, 32.3 ], [ -80.78, 32.33 ], [ -80.77, 32.34 ], [ -80.74, 32.31 ], [ -80.74, 32.3 ] ] ], [ [ [ -80.49, 32.46 ], [ -80.53, 32.46 ], [ -80.54, 32.49 ], [ -80.52, 32.49 ], [ -80.48, 32.47 ], [ -80.49, 32.46 ] ] ], [ [ [ -118.59, 33.04 ], [ -118.57, 33.04 ], [ -118.55, 33.01 ], [ -118.54, 32.98 ], [ -118.48, 32.93 ], [ -118.4, 32.87 ], [ -118.35, 32.83 ], [ -118.36, 32.82 ], [ -118.39, 32.83 ], [ -118.41, 32.81 ], [ -118.44, 32.82 ], [ -118.49, 32.85 ], [ -118.51, 32.89 ], [ -118.53, 32.91 ], [ -118.55, 32.96 ], [ -118.57, 32.97 ], [ -118.58, 33.0 ], [ -118.6, 33.02 ], [ -118.59, 33.04 ] ] ], [ [ [ -119.51, 33.27 ], [ -119.45, 33.25 ], [ -119.43, 33.23 ], [ -119.43, 33.21 ], [ -119.45, 33.21 ], [ -119.49, 33.21 ], [ -119.55, 33.23 ], [ -119.57, 33.27 ], [ -119.55, 33.27 ], [ -119.52, 33.28 ], [ -119.51, 33.27 ] ] ], [ [ [ -79.17, 33.29 ], [ -79.18, 33.21 ], [ -79.2, 33.27 ], [ -79.17, 33.29 ] ] ], [ [ [ -118.58, 33.48 ], [ -118.53, 33.48 ], [ -118.49, 33.44 ], [ -118.47, 33.45 ], [ -118.43, 33.43 ], [ -118.36, 33.41 ], [ -118.34, 33.38 ], [ -118.29, 33.33 ], [ -118.31, 33.31 ], [ -118.33, 33.31 ], [ -118.36, 33.32 ], [ -118.39, 33.32 ], [ -118.41, 33.32 ], [ -118.45, 33.32 ], [ -118.48, 33.36 ], [ -118.47, 33.38 ], [ -118.48, 33.42 ], [ -118.5, 33.43 ], [ -118.56, 33.43 ], [ -118.6, 33.47 ], [ -118.58, 33.48 ] ] ], [ [ [ -77.95, 33.88 ], [ -77.96, 33.86 ], [ -77.97, 33.84 ], [ -78.0, 33.85 ], [ -78.01, 33.88 ], [ -77.95, 33.91 ], [ -77.95, 33.88 ] ] ], [ [ [ -120.04, 34.04 ], [ -120.03, 34.0 ], [ -120.01, 33.98 ], [ -119.97, 33.98 ], [ -119.97, 33.96 ], [ -120.02, 33.93 ], [ -120.04, 33.91 ], [ -120.09, 33.91 ], [ -120.1, 33.9 ], [ -120.13, 33.9 ], [ -120.17, 33.92 ], [ -120.18, 33.95 ], [ -120.2, 33.97 ], [ -120.24, 34.0 ], [ -120.22, 34.02 ], [ -120.19, 34.01 ], [ -120.15, 34.01 ], [ -120.14, 34.03 ], [ -120.07, 34.03 ], [ -120.04, 34.04 ] ] ], [ [ [ -77.9, 34.05 ], [ -77.91, 33.98 ], [ -77.92, 33.95 ], [ -77.94, 33.97 ], [ -77.93, 33.98 ], [ -77.93, 34.04 ], [ -77.9, 34.05 ] ] ], [ [ [ -120.35, 34.05 ], [ -120.33, 34.05 ], [ -120.3, 34.02 ], [ -120.33, 34.02 ], [ -120.36, 34.02 ], [ -120.41, 34.03 ], [ -120.42, 34.02 ], [ -120.45, 34.03 ], [ -120.42, 34.05 ], [ -120.37, 34.06 ], [ -120.35, 34.05 ] ] ], [ [ [ -119.9, 34.08 ], [ -119.84, 34.07 ], [ -119.82, 34.05 ], [ -119.78, 34.06 ], [ -119.7, 34.05 ], [ -119.68, 34.02 ], [ -119.64, 34.02 ], [ -119.61, 34.03 ], [ -119.6, 34.05 ], [ -119.56, 34.06 ], [ -119.53, 34.05 ], [ -119.52, 34.03 ], [ -119.54, 34.01 ], [ -119.59, 33.99 ], [ -119.66, 33.99 ], [ -119.72, 33.96 ], [ -119.76, 33.97 ], [ -119.81, 33.97 ], [ -119.85, 33.97 ], [ -119.87, 33.98 ], [ -119.89, 34.0 ], [ -119.87, 34.03 ], [ -119.92, 34.07 ], [ -119.9, 34.08 ] ] ], [ [ [ -77.33, 34.53 ], [ -77.25, 34.59 ], [ -77.24, 34.58 ], [ -77.3, 34.55 ], [ -77.33, 34.53 ] ] ], [ [ [ -76.78, 34.7 ], [ -76.76, 34.69 ], [ -76.93, 34.68 ], [ -76.91, 34.69 ], [ -76.84, 34.7 ], [ -76.81, 34.71 ], [ -76.78, 34.7 ] ] ], [ [ [ -76.35, 34.82 ], [ -76.4, 34.76 ], [ -76.47, 34.69 ], [ -76.53, 34.61 ], [ -76.54, 34.61 ], [ -76.48, 34.7 ], [ -76.46, 34.71 ], [ -76.44, 34.73 ], [ -76.43, 34.76 ], [ -76.42, 34.76 ], [ -76.39, 34.79 ], [ -76.37, 34.82 ], [ -76.36, 34.82 ], [ -76.3, 34.88 ], [ -76.29, 34.87 ], [ -76.35, 34.82 ], [ -76.35, 34.82 ] ] ], [ [ [ -76.05, 35.07 ], [ -76.06, 35.05 ], [ -76.11, 35.01 ], [ -76.11, 35.03 ], [ -76.09, 35.04 ], [ -76.07, 35.06 ], [ -76.05, 35.07 ] ] ], [ [ [ -75.91, 35.13 ], [ -75.99, 35.08 ], [ -75.99, 35.12 ], [ -75.96, 35.12 ], [ -75.95, 35.13 ], [ -75.88, 35.15 ], [ -75.86, 35.17 ], [ -75.81, 35.18 ], [ -75.81, 35.16 ], [ -75.88, 35.14 ], [ -75.91, 35.13 ] ] ], [ [ [ -75.48, 35.7 ], [ -75.47, 35.64 ], [ -75.46, 35.62 ], [ -75.46, 35.6 ], [ -75.46, 35.56 ], [ -75.48, 35.5 ], [ -75.48, 35.43 ], [ -75.49, 35.36 ], [ -75.51, 35.28 ], [ -75.53, 35.23 ], [ -75.58, 35.23 ], [ -75.65, 35.22 ], [ -75.74, 35.19 ], [ -75.73, 35.2 ], [ -75.71, 35.21 ], [ -75.69, 35.24 ], [ -75.68, 35.22 ], [ -75.64, 35.23 ], [ -75.6, 35.25 ], [ -75.6, 35.26 ], [ -75.55, 35.27 ], [ -75.52, 35.28 ], [ -75.51, 35.32 ], [ -75.52, 35.36 ], [ -75.51, 35.37 ], [ -75.49, 35.45 ], [ -75.49, 35.5 ], [ -75.5, 35.51 ], [ -75.48, 35.54 ], [ -75.48, 35.61 ], [ -75.49, 35.65 ], [ -75.49, 35.69 ], [ -75.52, 35.74 ], [ -75.53, 35.77 ], [ -75.51, 35.76 ], [ -75.48, 35.7 ] ] ], [ [ [ -75.68, 35.93 ], [ -75.64, 35.91 ], [ -75.62, 35.87 ], [ -75.62, 35.83 ], [ -75.65, 35.82 ], [ -75.66, 35.84 ], [ -75.66, 35.87 ], [ -75.7, 35.89 ], [ -75.72, 35.93 ], [ -75.71, 35.94 ], [ -75.68, 35.93 ] ] ], [ [ [ -75.89, 35.97 ], [ -75.92, 35.93 ], [ -75.95, 35.96 ], [ -75.92, 35.97 ], [ -75.89, 35.97 ] ] ], [ [ [ -75.88, 37.14 ], [ -75.9, 37.11 ], [ -75.91, 37.14 ], [ -75.88, 37.14 ] ] ], [ [ [ -75.79, 37.29 ], [ -75.79, 37.26 ], [ -75.81, 37.26 ], [ -75.8, 37.28 ], [ -75.79, 37.29 ] ] ], [ [ [ -75.89, 37.23 ], [ -75.87, 37.2 ], [ -75.9, 37.19 ], [ -75.91, 37.23 ], [ -75.92, 37.23 ], [ -75.89, 37.28 ], [ -75.86, 37.28 ], [ -75.86, 37.26 ], [ -75.88, 37.25 ], [ -75.89, 37.23 ] ] ], [ [ [ -75.85, 37.36 ], [ -75.86, 37.35 ], [ -75.85, 37.33 ], [ -75.87, 37.3 ], [ -75.9, 37.31 ], [ -75.88, 37.33 ], [ -75.87, 37.36 ], [ -75.85, 37.36 ] ] ], [ [ [ -76.26, 37.49 ], [ -76.31, 37.49 ], [ -76.3, 37.52 ], [ -76.28, 37.51 ], [ -76.26, 37.49 ] ] ], [ [ [ -75.66, 37.5 ], [ -75.69, 37.51 ], [ -75.68, 37.52 ], [ -75.66, 37.52 ], [ -75.66, 37.5 ] ] ], [ [ [ -75.66, 37.5 ], [ -75.66, 37.52 ], [ -75.66, 37.52 ], [ -75.71, 37.52 ], [ -75.72, 37.54 ], [ -75.65, 37.54 ], [ -75.64, 37.57 ], [ -75.62, 37.57 ], [ -75.61, 37.55 ], [ -75.62, 37.54 ], [ -75.64, 37.5 ], [ -75.66, 37.5 ] ] ], [ [ [ -75.58, 37.66 ], [ -75.61, 37.61 ], [ -75.64, 37.59 ], [ -75.67, 37.6 ], [ -75.66, 37.61 ], [ -75.63, 37.6 ], [ -75.61, 37.62 ], [ -75.64, 37.63 ], [ -75.64, 37.64 ], [ -75.58, 37.66 ] ] ], [ [ [ -75.57, 37.7 ], [ -75.57, 37.7 ], [ -75.56, 37.76 ], [ -75.54, 37.77 ], [ -75.52, 37.83 ], [ -75.5, 37.81 ], [ -75.51, 37.79 ], [ -75.55, 37.74 ], [ -75.57, 37.7 ] ] ], [ [ [ -75.47, 37.87 ], [ -75.45, 37.89 ], [ -75.43, 37.88 ], [ -75.45, 37.87 ], [ -75.47, 37.87 ] ] ], [ [ [ -75.31, 37.98 ], [ -75.34, 37.95 ], [ -75.35, 37.93 ], [ -75.38, 37.92 ], [ -75.38, 37.91 ], [ -75.42, 37.9 ], [ -75.37, 37.95 ], [ -75.34, 37.97 ], [ -75.33, 37.99 ], [ -75.31, 37.98 ] ] ], [ [ [ -76.02, 37.98 ], [ -76.04, 37.98 ], [ -76.05, 37.99 ], [ -76.03, 38.01 ], [ -76.02, 37.98 ] ] ], [ [ [ -76.01, 38.04 ], [ -75.98, 37.99 ], [ -76.03, 38.02 ], [ -76.04, 38.04 ], [ -76.01, 38.04 ] ] ], [ [ [ -121.83, 38.03 ], [ -121.86, 38.04 ], [ -121.84, 38.05 ], [ -121.83, 38.03 ] ] ], [ [ [ -76.03, 38.11 ], [ -76.0, 38.09 ], [ -76.02, 38.08 ], [ -76.03, 38.11 ] ] ], [ [ [ -76.06, 38.21 ], [ -76.05, 38.21 ], [ -76.02, 38.17 ], [ -76.09, 38.16 ], [ -76.09, 38.17 ], [ -76.06, 38.21 ] ] ], [ [ [ -76.16, 38.29 ], [ -76.17, 38.29 ], [ -76.17, 38.26 ], [ -76.13, 38.25 ], [ -76.14, 38.23 ], [ -76.19, 38.26 ], [ -76.19, 38.29 ], [ -76.16, 38.29 ] ] ], [ [ [ -75.16, 38.19 ], [ -75.17, 38.12 ], [ -75.23, 38.04 ], [ -75.25, 38.02 ], [ -75.27, 37.99 ], [ -75.3, 37.96 ], [ -75.31, 37.93 ], [ -75.33, 37.91 ], [ -75.36, 37.9 ], [ -75.37, 37.91 ], [ -75.35, 37.92 ], [ -75.33, 37.94 ], [ -75.3, 37.98 ], [ -75.28, 38.0 ], [ -75.27, 38.03 ], [ -75.25, 38.04 ], [ -75.24, 38.05 ], [ -75.22, 38.08 ], [ -75.21, 38.11 ], [ -75.19, 38.13 ], [ -75.18, 38.18 ], [ -75.16, 38.19 ] ] ], [ [ [ -76.13, 38.9 ], [ -76.16, 38.88 ], [ -76.17, 38.9 ], [ -76.13, 38.9 ] ] ], [ [ [ -74.83, 38.99 ], [ -74.84, 38.98 ], [ -74.87, 38.99 ], [ -74.85, 39.01 ], [ -74.83, 39.01 ], [ -74.83, 38.99 ] ] ], [ [ [ -74.8, 39.02 ], [ -74.79, 39.0 ], [ -74.8, 38.99 ], [ -74.84, 38.96 ], [ -74.85, 38.97 ], [ -74.82, 38.99 ], [ -74.82, 39.02 ], [ -74.8, 39.02 ] ] ], [ [ [ -76.26, 38.98 ], [ -76.25, 38.95 ], [ -76.31, 38.93 ], [ -76.33, 38.91 ], [ -76.33, 38.88 ], [ -76.35, 38.86 ], [ -76.37, 38.91 ], [ -76.36, 38.96 ], [ -76.33, 38.99 ], [ -76.32, 39.03 ], [ -76.3, 39.02 ], [ -76.28, 38.99 ], [ -76.26, 38.98 ] ] ], [ [ [ -74.71, 39.11 ], [ -74.72, 39.09 ], [ -74.75, 39.05 ], [ -74.76, 39.08 ], [ -74.76, 39.1 ], [ -74.71, 39.11 ] ] ], [ [ [ -74.71, 39.12 ], [ -74.71, 39.15 ], [ -74.7, 39.17 ], [ -74.68, 39.17 ], [ -74.66, 39.2 ], [ -74.65, 39.19 ], [ -74.69, 39.14 ], [ -74.71, 39.12 ] ] ], [ [ [ -74.65, 39.23 ], [ -74.63, 39.24 ], [ -74.63, 39.25 ], [ -74.57, 39.29 ], [ -74.56, 39.27 ], [ -74.58, 39.27 ], [ -74.61, 39.24 ], [ -74.62, 39.22 ], [ -74.65, 39.23 ] ] ], [ [ [ -74.41, 39.36 ], [ -74.48, 39.33 ], [ -74.52, 39.3 ], [ -74.51, 39.34 ], [ -74.48, 39.36 ], [ -74.45, 39.37 ], [ -74.44, 39.38 ], [ -74.41, 39.37 ], [ -74.41, 39.36 ] ] ], [ [ [ -76.08, 39.48 ], [ -76.06, 39.46 ], [ -76.07, 39.44 ], [ -76.09, 39.45 ], [ -76.08, 39.48 ] ] ], [ [ [ -74.32, 39.48 ], [ -74.31, 39.45 ], [ -74.33, 39.45 ], [ -74.33, 39.43 ], [ -74.35, 39.41 ], [ -74.39, 39.38 ], [ -74.41, 39.38 ], [ -74.36, 39.45 ], [ -74.37, 39.48 ], [ -74.36, 39.48 ], [ -74.32, 39.48 ] ] ], [ [ [ -74.26, 39.52 ], [ -74.26, 39.54 ], [ -74.24, 39.57 ], [ -74.19, 39.63 ], [ -74.17, 39.66 ], [ -74.15, 39.67 ], [ -74.19, 39.61 ], [ -74.2, 39.59 ], [ -74.26, 39.52 ] ] ], [ [ [ -73.57, 40.59 ], [ -73.66, 40.59 ], [ -73.63, 40.6 ], [ -73.57, 40.6 ], [ -73.57, 40.59 ] ] ], [ [ [ -73.82, 40.6 ], [ -73.84, 40.63 ], [ -73.82, 40.64 ], [ -73.81, 40.61 ], [ -73.82, 40.6 ] ] ], [ [ [ -74.07, 40.64 ], [ -74.05, 40.61 ], [ -74.06, 40.6 ], [ -74.12, 40.55 ], [ -74.2, 40.51 ], [ -74.24, 40.51 ], [ -74.23, 40.55 ], [ -74.2, 40.57 ], [ -74.19, 40.61 ], [ -74.18, 40.64 ], [ -74.15, 40.64 ], [ -74.12, 40.65 ], [ -74.07, 40.65 ], [ -74.07, 40.64 ] ] ], [ [ [ -73.26, 40.64 ], [ -73.32, 40.64 ], [ -73.36, 40.62 ], [ -73.45, 40.6 ], [ -73.54, 40.59 ], [ -73.53, 40.61 ], [ -73.48, 40.61 ], [ -73.39, 40.63 ], [ -73.31, 40.65 ], [ -73.28, 40.65 ], [ -73.26, 40.64 ] ] ], [ [ [ -72.75, 40.77 ], [ -72.8, 40.75 ], [ -72.89, 40.72 ], [ -72.96, 40.7 ], [ -73.0, 40.68 ], [ -73.08, 40.66 ], [ -73.18, 40.64 ], [ -73.15, 40.66 ], [ -73.1, 40.66 ], [ -73.03, 40.68 ], [ -72.97, 40.7 ], [ -72.84, 40.74 ], [ -72.78, 40.76 ], [ -72.75, 40.77 ] ] ], [ [ [ -72.66, 40.78 ], [ -72.74, 40.77 ], [ -72.72, 40.78 ], [ -72.66, 40.79 ], [ -72.63, 40.81 ], [ -72.54, 40.83 ], [ -72.49, 40.84 ], [ -72.61, 40.8 ], [ -72.66, 40.78 ] ] ], [ [ [ -71.9, 41.08 ], [ -71.86, 41.08 ], [ -71.86, 41.06 ], [ -71.88, 41.05 ], [ -71.97, 41.02 ], [ -72.05, 40.98 ], [ -72.14, 40.96 ], [ -72.26, 40.92 ], [ -72.29, 40.9 ], [ -72.32, 40.89 ], [ -72.4, 40.86 ], [ -72.44, 40.86 ], [ -72.44, 40.88 ], [ -72.49, 40.88 ], [ -72.49, 40.91 ], [ -72.46, 40.92 ], [ -72.45, 40.95 ], [ -72.41, 40.96 ], [ -72.38, 40.99 ], [ -72.32, 41.01 ], [ -72.28, 41.01 ], [ -72.25, 41.02 ], [ -72.25, 41.04 ], [ -72.22, 41.04 ], [ -72.18, 41.0 ], [ -72.18, 41.04 ], [ -72.15, 41.05 ], [ -72.15, 41.03 ], [ -72.12, 41.01 ], [ -72.1, 41.0 ], [ -72.01, 41.03 ], [ -72.0, 41.05 ], [ -71.96, 41.05 ], [ -71.96, 41.07 ], [ -71.9, 41.08 ] ] ], [ [ [ -72.28, 41.08 ], [ -72.29, 41.07 ], [ -72.27, 41.05 ], [ -72.31, 41.05 ], [ -72.32, 41.04 ], [ -72.37, 41.05 ], [ -72.38, 41.07 ], [ -72.34, 41.09 ], [ -72.31, 41.09 ], [ -72.28, 41.08 ] ] ], [ [ [ -72.1, 41.11 ], [ -72.08, 41.1 ], [ -72.09, 41.06 ], [ -72.1, 41.06 ], [ -72.11, 41.09 ], [ -72.1, 41.11 ] ] ], [ [ [ -72.27, 41.16 ], [ -72.25, 41.15 ], [ -72.29, 41.13 ], [ -72.32, 41.13 ], [ -72.42, 41.06 ], [ -72.39, 41.04 ], [ -72.43, 41.04 ], [ -72.45, 41.02 ], [ -72.45, 41.0 ], [ -72.49, 41.0 ], [ -72.53, 40.98 ], [ -72.57, 40.94 ], [ -72.61, 40.93 ], [ -72.62, 40.91 ], [ -72.57, 40.91 ], [ -72.55, 40.92 ], [ -72.52, 40.91 ], [ -72.49, 40.91 ], [ -72.49, 40.85 ], [ -72.52, 40.86 ], [ -72.55, 40.85 ], [ -72.59, 40.84 ], [ -72.63, 40.83 ], [ -72.7, 40.8 ], [ -72.72, 40.82 ], [ -72.74, 40.79 ], [ -72.79, 40.78 ], [ -72.83, 40.75 ], [ -72.87, 40.75 ], [ -72.89, 40.76 ], [ -72.92, 40.76 ], [ -72.93, 40.74 ], [ -72.97, 40.75 ], [ -73.02, 40.75 ], [ -73.03, 40.73 ], [ -73.09, 40.72 ], [ -73.12, 40.73 ], [ -73.14, 40.71 ], [ -73.16, 40.7 ], [ -73.23, 40.72 ], [ -73.26, 40.69 ], [ -73.32, 40.69 ], [ -73.33, 40.68 ], [ -73.39, 40.66 ], [ -73.42, 40.66 ], [ -73.45, 40.65 ], [ -73.47, 40.66 ], [ -73.5, 40.65 ], [ -73.56, 40.64 ], [ -73.59, 40.63 ], [ -73.61, 40.63 ], [ -73.63, 40.62 ], [ -73.65, 40.63 ], [ -73.69, 40.62 ], [ -73.73, 40.6 ], [ -73.77, 40.59 ], [ -73.84, 40.58 ], [ -73.85, 40.59 ], [ -73.8, 40.6 ], [ -73.76, 40.61 ], [ -73.76, 40.63 ], [ -73.81, 40.65 ], [ -73.87, 40.65 ], [ -73.89, 40.61 ], [ -73.91, 40.61 ], [ -73.93, 40.58 ], [ -73.99, 40.58 ], [ -73.99, 40.6 ], [ -74.02, 40.61 ], [ -74.02, 40.65 ], [ -74.01, 40.67 ], [ -74.01, 40.68 ], [ -73.96, 40.72 ], [ -73.95, 40.76 ], [ -73.93, 40.78 ], [ -73.9, 40.8 ], [ -73.89, 40.79 ], [ -73.85, 40.79 ], [ -73.85, 40.8 ], [ -73.81, 40.81 ], [ -73.77, 40.8 ], [ -73.76, 40.79 ], [ -73.75, 40.83 ], [ -73.73, 40.84 ], [ -73.7, 40.82 ], [ -73.7, 40.84 ], [ -73.72, 40.84 ], [ -73.72, 40.87 ], [ -73.7, 40.87 ], [ -73.68, 40.86 ], [ -73.66, 40.84 ], [ -73.64, 40.86 ], [ -73.65, 40.88 ], [ -73.63, 40.9 ], [ -73.57, 40.92 ], [ -73.55, 40.91 ], [ -73.55, 40.89 ], [ -73.51, 40.88 ], [ -73.51, 40.89 ], [ -73.47, 40.9 ], [ -73.49, 40.92 ], [ -73.47, 40.94 ], [ -73.43, 40.94 ], [ -73.44, 40.9 ], [ -73.42, 40.9 ], [ -73.39, 40.91 ], [ -73.36, 40.91 ], [ -73.36, 40.93 ], [ -73.38, 40.93 ], [ -73.4, 40.92 ], [ -73.4, 40.96 ], [ -73.39, 40.96 ], [ -73.35, 40.93 ], [ -73.3, 40.93 ], [ -73.24, 40.91 ], [ -73.19, 40.92 ], [ -73.17, 40.9 ], [ -73.15, 40.94 ], [ -73.16, 40.97 ], [ -73.12, 40.97 ], [ -73.08, 40.95 ], [ -73.07, 40.97 ], [ -73.04, 40.96 ], [ -73.01, 40.96 ], [ -72.94, 40.96 ], [ -72.92, 40.96 ], [ -72.84, 40.97 ], [ -72.81, 40.96 ], [ -72.72, 40.97 ], [ -72.7, 40.98 ], [ -72.63, 40.98 ], [ -72.54, 41.03 ], [ -72.53, 41.04 ], [ -72.48, 41.06 ], [ -72.45, 41.09 ], [ -72.41, 41.1 ], [ -72.34, 41.14 ], [ -72.32, 41.14 ], [ -72.27, 41.16 ] ] ], [ [ [ -71.56, 41.18 ], [ -71.55, 41.16 ], [ -71.61, 41.14 ], [ -71.61, 41.18 ], [ -71.56, 41.22 ], [ -71.56, 41.18 ] ] ], [ [ [ -71.93, 41.29 ], [ -71.93, 41.28 ], [ -72.04, 41.25 ], [ -72.03, 41.27 ], [ -72.01, 41.27 ], [ -71.97, 41.29 ], [ -71.93, 41.29 ] ] ], [ [ [ -70.0, 41.34 ], [ -69.97, 41.29 ], [ -69.96, 41.27 ], [ -69.97, 41.25 ], [ -70.0, 41.24 ], [ -70.02, 41.23 ], [ -70.09, 41.24 ], [ -70.14, 41.24 ], [ -70.21, 41.27 ], [ -70.2, 41.28 ], [ -70.2, 41.29 ], [ -70.11, 41.29 ], [ -70.1, 41.28 ], [ -70.05, 41.3 ], [ -70.03, 41.31 ], [ -70.05, 41.33 ], [ -70.03, 41.35 ], [ -70.03, 41.37 ], [ -70.02, 41.38 ], [ -70.0, 41.34 ] ] ], [ [ [ -70.45, 41.35 ], [ -70.47, 41.35 ], [ -70.5, 41.38 ], [ -70.48, 41.4 ], [ -70.47, 41.42 ], [ -70.45, 41.41 ], [ -70.44, 41.39 ], [ -70.45, 41.35 ] ] ], [ [ [ -70.9, 41.42 ], [ -70.87, 41.45 ], [ -70.86, 41.43 ], [ -70.9, 41.42 ] ] ], [ [ [ -70.61, 41.46 ], [ -70.57, 41.46 ], [ -70.56, 41.44 ], [ -70.56, 41.43 ], [ -70.58, 41.41 ], [ -70.52, 41.4 ], [ -70.52, 41.39 ], [ -70.51, 41.36 ], [ -70.5, 41.34 ], [ -70.59, 41.34 ], [ -70.74, 41.33 ], [ -70.76, 41.32 ], [ -70.77, 41.3 ], [ -70.8, 41.31 ], [ -70.84, 41.35 ], [ -70.81, 41.35 ], [ -70.78, 41.35 ], [ -70.79, 41.34 ], [ -70.77, 41.33 ], [ -70.77, 41.36 ], [ -70.75, 41.38 ], [ -70.72, 41.4 ], [ -70.71, 41.43 ], [ -70.67, 41.45 ], [ -70.61, 41.47 ], [ -70.61, 41.46 ] ] ], [ [ [ -70.71, 41.51 ], [ -70.71, 41.5 ], [ -70.77, 41.48 ], [ -70.77, 41.46 ], [ -70.81, 41.45 ], [ -70.8, 41.47 ], [ -70.74, 41.5 ], [ -70.71, 41.51 ] ] ], [ [ [ -71.36, 41.5 ], [ -71.36, 41.48 ], [ -71.38, 41.48 ], [ -71.38, 41.5 ], [ -71.39, 41.52 ], [ -71.38, 41.56 ], [ -71.35, 41.56 ], [ -71.36, 41.51 ], [ -71.36, 41.5 ] ] ], [ [ [ -82.68, 41.61 ], [ -82.69, 41.59 ], [ -82.74, 41.6 ], [ -82.72, 41.62 ], [ -82.68, 41.61 ] ] ], [ [ [ -70.0, 41.55 ], [ -70.0, 41.6 ], [ -69.97, 41.62 ], [ -69.99, 41.56 ], [ -70.0, 41.55 ] ] ], [ [ [ -71.24, 41.49 ], [ -71.27, 41.48 ], [ -71.29, 41.48 ], [ -71.3, 41.45 ], [ -71.32, 41.46 ], [ -71.35, 41.45 ], [ -71.36, 41.46 ], [ -71.32, 41.48 ], [ -71.32, 41.52 ], [ -71.31, 41.53 ], [ -71.3, 41.56 ], [ -71.29, 41.58 ], [ -71.26, 41.63 ], [ -71.22, 41.65 ], [ -71.22, 41.62 ], [ -71.24, 41.59 ], [ -71.23, 41.51 ], [ -71.24, 41.49 ] ] ], [ [ [ -71.32, 41.58 ], [ -71.33, 41.58 ], [ -71.33, 41.63 ], [ -71.35, 41.64 ], [ -71.34, 41.65 ], [ -71.31, 41.63 ], [ -71.3, 41.62 ], [ -71.32, 41.58 ] ] ], [ [ [ -82.79, 41.67 ], [ -82.84, 41.63 ], [ -82.84, 41.66 ], [ -82.81, 41.65 ], [ -82.79, 41.67 ] ] ], [ [ [ -83.16, 42.1 ], [ -83.17, 42.1 ], [ -83.17, 42.14 ], [ -83.15, 42.19 ], [ -83.14, 42.15 ], [ -83.14, 42.12 ], [ -83.16, 42.1 ] ] ], [ [ [ -82.53, 42.62 ], [ -82.58, 42.58 ], [ -82.59, 42.57 ], [ -82.61, 42.56 ], [ -82.63, 42.57 ], [ -82.63, 42.59 ], [ -82.6, 42.6 ], [ -82.58, 42.61 ], [ -82.54, 42.61 ], [ -82.53, 42.62 ] ] ], [ [ [ -78.95, 42.98 ], [ -78.97, 42.96 ], [ -79.02, 42.99 ], [ -79.03, 43.02 ], [ -79.0, 43.06 ], [ -78.96, 43.07 ], [ -78.92, 43.06 ], [ -78.9, 43.04 ], [ -78.9, 43.02 ], [ -78.93, 43.0 ], [ -78.95, 42.98 ] ] ], [ [ [ -70.1, 43.72 ], [ -70.13, 43.72 ], [ -70.12, 43.74 ], [ -70.08, 43.76 ], [ -70.1, 43.72 ] ] ], [ [ [ -69.65, 43.84 ], [ -69.65, 43.8 ], [ -69.65, 43.79 ], [ -69.68, 43.82 ], [ -69.68, 43.83 ], [ -69.65, 43.84 ] ] ], [ [ [ -83.41, 43.83 ], [ -83.44, 43.81 ], [ -83.44, 43.83 ], [ -83.43, 43.84 ], [ -83.41, 43.83 ] ] ], [ [ [ -68.88, 43.86 ], [ -68.88, 43.85 ], [ -68.91, 43.85 ], [ -68.9, 43.87 ], [ -68.88, 43.86 ] ] ], [ [ [ -76.33, 43.89 ], [ -76.34, 43.9 ], [ -76.31, 43.91 ], [ -76.33, 43.89 ] ] ], [ [ [ -76.38, 43.92 ], [ -76.4, 43.9 ], [ -76.43, 43.89 ], [ -76.42, 43.92 ], [ -76.38, 43.92 ] ] ], [ [ [ -69.7, 43.87 ], [ -69.71, 43.87 ], [ -69.72, 43.9 ], [ -69.71, 43.91 ], [ -69.67, 43.97 ], [ -69.66, 43.96 ], [ -69.69, 43.92 ], [ -69.7, 43.87 ] ] ], [ [ [ -76.27, 43.96 ], [ -76.28, 44.0 ], [ -76.29, 44.01 ], [ -76.22, 44.03 ], [ -76.22, 43.99 ], [ -76.25, 43.97 ], [ -76.27, 43.96 ] ] ], [ [ [ -68.64, 44.06 ], [ -68.64, 44.04 ], [ -68.65, 44.02 ], [ -68.68, 44.01 ], [ -68.7, 44.02 ], [ -68.68, 44.05 ], [ -68.7, 44.06 ], [ -68.66, 44.09 ], [ -68.64, 44.09 ], [ -68.64, 44.06 ] ] ], [ [ [ -68.86, 44.12 ], [ -68.86, 44.11 ], [ -68.83, 44.09 ], [ -68.78, 44.09 ], [ -68.77, 44.06 ], [ -68.82, 44.05 ], [ -68.85, 44.05 ], [ -68.86, 44.08 ], [ -68.9, 44.09 ], [ -68.9, 44.11 ], [ -68.86, 44.12 ] ] ], [ [ [ -68.81, 44.19 ], [ -68.82, 44.15 ], [ -68.86, 44.15 ], [ -68.9, 44.13 ], [ -68.91, 44.15 ], [ -68.87, 44.16 ], [ -68.84, 44.18 ], [ -68.81, 44.19 ] ] ], [ [ [ -68.4, 44.18 ], [ -68.38, 44.16 ], [ -68.39, 44.14 ], [ -68.42, 44.13 ], [ -68.44, 44.15 ], [ -68.46, 44.16 ], [ -68.49, 44.15 ], [ -68.5, 44.16 ], [ -68.46, 44.18 ], [ -68.4, 44.18 ] ] ], [ [ [ -68.6, 44.24 ], [ -68.62, 44.23 ], [ -68.65, 44.2 ], [ -68.65, 44.19 ], [ -68.62, 44.18 ], [ -68.64, 44.16 ], [ -68.67, 44.15 ], [ -68.71, 44.17 ], [ -68.7, 44.19 ], [ -68.72, 44.23 ], [ -68.7, 44.23 ], [ -68.69, 44.25 ], [ -68.67, 44.28 ], [ -68.62, 44.26 ], [ -68.6, 44.24 ] ] ], [ [ [ -76.08, 44.29 ], [ -76.1, 44.27 ], [ -76.12, 44.27 ], [ -76.13, 44.25 ], [ -76.15, 44.25 ], [ -76.16, 44.28 ], [ -76.08, 44.3 ], [ -76.08, 44.29 ] ] ], [ [ [ -68.69, 44.28 ], [ -68.7, 44.28 ], [ -68.74, 44.3 ], [ -68.73, 44.31 ], [ -68.69, 44.29 ], [ -68.69, 44.28 ] ] ], [ [ [ -75.94, 44.33 ], [ -76.02, 44.29 ], [ -76.05, 44.3 ], [ -76.03, 44.31 ], [ -76.05, 44.33 ], [ -76.01, 44.34 ], [ -75.98, 44.34 ], [ -75.95, 44.35 ], [ -75.94, 44.33 ] ] ], [ [ [ -68.49, 44.33 ], [ -68.5, 44.32 ], [ -68.53, 44.33 ], [ -68.52, 44.36 ], [ -68.52, 44.38 ], [ -68.5, 44.38 ], [ -68.49, 44.34 ], [ -68.49, 44.33 ] ] ], [ [ [ -68.87, 44.35 ], [ -68.89, 44.32 ], [ -68.9, 44.26 ], [ -68.93, 44.28 ], [ -68.9, 44.32 ], [ -68.92, 44.33 ], [ -68.9, 44.37 ], [ -68.87, 44.39 ], [ -68.86, 44.36 ], [ -68.87, 44.35 ] ] ], [ [ [ -68.3, 44.44 ], [ -68.25, 44.44 ], [ -68.24, 44.42 ], [ -68.2, 44.39 ], [ -68.18, 44.37 ], [ -68.16, 44.34 ], [ -68.18, 44.31 ], [ -68.21, 44.3 ], [ -68.25, 44.3 ], [ -68.26, 44.28 ], [ -68.29, 44.29 ], [ -68.3, 44.33 ], [ -68.3, 44.36 ], [ -68.32, 44.37 ], [ -68.31, 44.33 ], [ -68.31, 44.28 ], [ -68.29, 44.25 ], [ -68.31, 44.23 ], [ -68.33, 44.22 ], [ -68.34, 44.24 ], [ -68.38, 44.26 ], [ -68.4, 44.26 ], [ -68.42, 44.32 ], [ -68.41, 44.33 ], [ -68.4, 44.36 ], [ -68.39, 44.38 ], [ -68.35, 44.4 ], [ -68.36, 44.43 ], [ -68.3, 44.44 ] ] ], [ [ [ -67.57, 44.46 ], [ -67.59, 44.46 ], [ -67.6, 44.49 ], [ -67.59, 44.5 ], [ -67.56, 44.48 ], [ -67.57, 44.46 ] ] ], [ [ [ -66.99, 44.92 ], [ -66.99, 44.9 ], [ -67.02, 44.9 ], [ -67.05, 44.93 ], [ -67.04, 44.95 ], [ -66.99, 44.92 ] ] ], [ [ [ -86.08, 45.03 ], [ -86.11, 45.0 ], [ -86.16, 45.01 ], [ -86.15, 45.03 ], [ -86.13, 45.05 ], [ -86.11, 45.05 ], [ -86.08, 45.03 ] ] ], [ [ [ -85.97, 45.07 ], [ -86.01, 45.06 ], [ -86.06, 45.11 ], [ -86.06, 45.12 ], [ -86.06, 45.15 ], [ -86.04, 45.16 ], [ -86.0, 45.16 ], [ -85.98, 45.14 ], [ -85.97, 45.13 ], [ -85.99, 45.09 ], [ -85.97, 45.07 ] ] ], [ [ [ -87.33, 45.2 ], [ -87.33, 45.16 ], [ -87.37, 45.18 ], [ -87.36, 45.2 ], [ -87.33, 45.2 ] ] ], [ [ [ -87.01, 45.3 ], [ -86.99, 45.3 ], [ -86.97, 45.28 ], [ -86.98, 45.25 ], [ -86.98, 45.22 ], [ -87.0, 45.22 ], [ -87.02, 45.23 ], [ -87.04, 45.21 ], [ -87.04, 45.17 ], [ -87.03, 45.15 ], [ -87.03, 45.14 ], [ -87.07, 45.15 ], [ -87.07, 45.13 ], [ -87.05, 45.12 ], [ -87.04, 45.1 ], [ -87.08, 45.07 ], [ -87.08, 45.06 ], [ -87.11, 45.07 ], [ -87.13, 45.02 ], [ -87.17, 44.99 ], [ -87.18, 44.97 ], [ -87.17, 44.93 ], [ -87.21, 44.9 ], [ -87.21, 44.87 ], [ -87.26, 44.85 ], [ -87.28, 44.82 ], [ -87.31, 44.8 ], [ -87.36, 44.82 ], [ -87.38, 44.84 ], [ -87.38, 44.88 ], [ -87.41, 44.91 ], [ -87.38, 44.95 ], [ -87.34, 45.02 ], [ -87.26, 45.08 ], [ -87.26, 45.13 ], [ -87.24, 45.15 ], [ -87.21, 45.17 ], [ -87.18, 45.16 ], [ -87.17, 45.18 ], [ -87.12, 45.2 ], [ -87.12, 45.23 ], [ -87.1, 45.26 ], [ -87.08, 45.26 ], [ -87.07, 45.29 ], [ -87.03, 45.29 ], [ -87.01, 45.3 ] ] ], [ [ [ -86.93, 45.42 ], [ -86.92, 45.41 ], [ -86.87, 45.41 ], [ -86.84, 45.39 ], [ -86.86, 45.37 ], [ -86.87, 45.33 ], [ -86.94, 45.34 ], [ -86.96, 45.38 ], [ -86.93, 45.42 ] ] ], [ [ [ -86.81, 45.41 ], [ -86.83, 45.4 ], [ -86.84, 45.42 ], [ -86.81, 45.43 ], [ -86.81, 45.41 ] ] ], [ [ [ -85.84, 45.38 ], [ -85.86, 45.42 ], [ -85.89, 45.44 ], [ -85.88, 45.45 ], [ -85.84, 45.43 ], [ -85.83, 45.41 ], [ -85.84, 45.38 ] ] ], [ [ [ -86.76, 45.49 ], [ -86.78, 45.49 ], [ -86.78, 45.51 ], [ -86.75, 45.5 ], [ -86.76, 45.49 ] ] ], [ [ [ -85.67, 45.71 ], [ -85.68, 45.72 ], [ -85.69, 45.74 ], [ -85.65, 45.75 ], [ -85.65, 45.72 ], [ -85.67, 45.71 ] ] ], [ [ [ -85.53, 45.76 ], [ -85.51, 45.76 ], [ -85.5, 45.73 ], [ -85.49, 45.71 ], [ -85.5, 45.68 ], [ -85.48, 45.66 ], [ -85.48, 45.63 ], [ -85.49, 45.61 ], [ -85.54, 45.58 ], [ -85.62, 45.59 ], [ -85.62, 45.63 ], [ -85.6, 45.64 ], [ -85.6, 45.69 ], [ -85.58, 45.71 ], [ -85.56, 45.74 ], [ -85.56, 45.76 ], [ -85.53, 45.76 ] ] ], [ [ [ -84.57, 45.82 ], [ -84.53, 45.81 ], [ -84.5, 45.81 ], [ -84.45, 45.8 ], [ -84.42, 45.79 ], [ -84.37, 45.78 ], [ -84.37, 45.74 ], [ -84.41, 45.72 ], [ -84.49, 45.73 ], [ -84.51, 45.76 ], [ -84.52, 45.76 ], [ -84.56, 45.8 ], [ -84.57, 45.82 ] ] ], [ [ [ -85.37, 45.77 ], [ -85.38, 45.79 ], [ -85.37, 45.82 ], [ -85.34, 45.8 ], [ -85.37, 45.77 ] ] ], [ [ [ -85.47, 45.8 ], [ -85.52, 45.8 ], [ -85.53, 45.82 ], [ -85.51, 45.83 ], [ -85.47, 45.8 ] ] ], [ [ [ -84.61, 45.85 ], [ -84.64, 45.86 ], [ -84.64, 45.88 ], [ -84.61, 45.88 ], [ -84.59, 45.86 ], [ -84.61, 45.85 ] ] ], [ [ [ -84.39, 45.99 ], [ -84.34, 45.95 ], [ -84.38, 45.93 ], [ -84.41, 45.95 ], [ -84.41, 45.98 ], [ -84.39, 45.99 ] ] ], [ [ [ -83.65, 46.1 ], [ -83.59, 46.09 ], [ -83.58, 46.07 ], [ -83.56, 46.06 ], [ -83.55, 46.03 ], [ -83.53, 46.01 ], [ -83.48, 46.0 ], [ -83.47, 45.99 ], [ -83.5, 45.96 ], [ -83.5, 45.95 ], [ -83.52, 45.93 ], [ -83.58, 45.92 ], [ -83.63, 45.94 ], [ -83.67, 45.95 ], [ -83.68, 45.94 ], [ -83.75, 45.94 ], [ -83.77, 45.96 ], [ -83.79, 45.93 ], [ -83.8, 45.94 ], [ -83.81, 45.96 ], [ -83.83, 45.96 ], [ -83.86, 45.99 ], [ -83.87, 46.01 ], [ -83.83, 46.02 ], [ -83.82, 45.99 ], [ -83.8, 45.99 ], [ -83.72, 46.04 ], [ -83.68, 46.03 ], [ -83.67, 46.06 ], [ -83.68, 46.07 ], [ -83.72, 46.08 ], [ -83.73, 46.1 ], [ -83.68, 46.1 ], [ -83.65, 46.1 ] ] ], [ [ [ -123.34, 46.15 ], [ -123.37, 46.15 ], [ -123.41, 46.17 ], [ -123.41, 46.2 ], [ -123.37, 46.18 ], [ -123.34, 46.15 ] ] ], [ [ [ -84.17, 46.32 ], [ -84.14, 46.32 ], [ -84.12, 46.29 ], [ -84.11, 46.25 ], [ -84.12, 46.23 ], [ -84.15, 46.22 ], [ -84.17, 46.24 ], [ -84.18, 46.27 ], [ -84.2, 46.29 ], [ -84.2, 46.32 ], [ -84.17, 46.32 ] ] ], [ [ [ -123.98, 46.47 ], [ -123.95, 46.47 ], [ -123.95, 46.45 ], [ -123.94, 46.42 ], [ -123.97, 46.41 ], [ -123.97, 46.44 ], [ -123.99, 46.46 ], [ -123.98, 46.47 ] ] ], [ [ [ -84.17, 46.52 ], [ -84.14, 46.53 ], [ -84.13, 46.51 ], [ -84.16, 46.49 ], [ -84.16, 46.47 ], [ -84.18, 46.45 ], [ -84.19, 46.42 ], [ -84.14, 46.37 ], [ -84.12, 46.32 ], [ -84.17, 46.34 ], [ -84.17, 46.36 ], [ -84.22, 46.39 ], [ -84.24, 46.46 ], [ -84.26, 46.46 ], [ -84.28, 46.48 ], [ -84.24, 46.5 ], [ -84.21, 46.53 ], [ -84.17, 46.52 ] ] ], [ [ [ -86.66, 46.56 ], [ -86.64, 46.56 ], [ -86.62, 46.53 ], [ -86.63, 46.49 ], [ -86.6, 46.49 ], [ -86.62, 46.46 ], [ -86.65, 46.47 ], [ -86.68, 46.47 ], [ -86.68, 46.49 ], [ -86.7, 46.51 ], [ -86.7, 46.54 ], [ -86.69, 46.56 ], [ -86.66, 46.56 ] ] ], [ [ [ -90.66, 46.8 ], [ -90.69, 46.78 ], [ -90.71, 46.78 ], [ -90.73, 46.77 ], [ -90.77, 46.75 ], [ -90.78, 46.78 ], [ -90.77, 46.79 ], [ -90.72, 46.8 ], [ -90.71, 46.82 ], [ -90.66, 46.84 ], [ -90.63, 46.86 ], [ -90.59, 46.87 ], [ -90.57, 46.84 ], [ -90.66, 46.82 ], [ -90.66, 46.8 ] ] ], [ [ [ -90.75, 46.83 ], [ -90.75, 46.86 ], [ -90.72, 46.86 ], [ -90.75, 46.83 ] ] ], [ [ [ -90.73, 46.96 ], [ -90.71, 46.96 ], [ -90.69, 46.92 ], [ -90.72, 46.91 ], [ -90.75, 46.93 ], [ -90.76, 46.95 ], [ -90.73, 46.96 ] ] ], [ [ [ -90.54, 46.92 ], [ -90.58, 46.91 ], [ -90.63, 46.91 ], [ -90.65, 46.92 ], [ -90.64, 46.94 ], [ -90.58, 46.96 ], [ -90.54, 46.97 ], [ -90.51, 46.96 ], [ -90.53, 46.93 ], [ -90.54, 46.92 ] ] ], [ [ [ -90.92, 46.97 ], [ -90.97, 46.96 ], [ -90.98, 46.98 ], [ -90.95, 46.99 ], [ -90.92, 46.97 ] ] ], [ [ [ -90.7, 47.01 ], [ -90.67, 46.99 ], [ -90.7, 46.98 ], [ -90.7, 47.01 ] ] ], [ [ [ -90.41, 47.08 ], [ -90.39, 47.06 ], [ -90.4, 47.02 ], [ -90.43, 47.0 ], [ -90.47, 46.99 ], [ -90.45, 47.02 ], [ -90.45, 47.05 ], [ -90.42, 47.08 ], [ -90.41, 47.08 ] ] ], [ [ [ -122.71, 47.18 ], [ -122.68, 47.17 ], [ -122.69, 47.14 ], [ -122.73, 47.14 ], [ -122.72, 47.18 ], [ -122.71, 47.18 ] ] ], [ [ [ -122.68, 47.22 ], [ -122.65, 47.21 ], [ -122.67, 47.19 ], [ -122.72, 47.2 ], [ -122.69, 47.23 ], [ -122.68, 47.22 ] ] ], [ [ [ -122.64, 47.26 ], [ -122.63, 47.26 ], [ -122.6, 47.23 ], [ -122.62, 47.22 ], [ -122.64, 47.24 ], [ -122.64, 47.26 ] ] ], [ [ [ -122.86, 47.29 ], [ -122.87, 47.28 ], [ -122.87, 47.24 ], [ -122.85, 47.2 ], [ -122.87, 47.17 ], [ -122.89, 47.21 ], [ -122.92, 47.22 ], [ -122.93, 47.24 ], [ -122.92, 47.28 ], [ -122.86, 47.29 ] ] ], [ [ [ -87.99, 47.48 ], [ -87.89, 47.48 ], [ -87.86, 47.47 ], [ -87.84, 47.47 ], [ -87.76, 47.46 ], [ -87.73, 47.45 ], [ -87.7, 47.42 ], [ -87.72, 47.4 ], [ -87.74, 47.4 ], [ -87.76, 47.39 ], [ -87.81, 47.38 ], [ -87.86, 47.39 ], [ -87.89, 47.39 ], [ -87.94, 47.39 ], [ -87.96, 47.37 ], [ -87.94, 47.35 ], [ -88.01, 47.3 ], [ -88.05, 47.3 ], [ -88.09, 47.26 ], [ -88.12, 47.24 ], [ -88.15, 47.22 ], [ -88.22, 47.2 ], [ -88.24, 47.19 ], [ -88.24, 47.16 ], [ -88.23, 47.14 ], [ -88.27, 47.14 ], [ -88.29, 47.11 ], [ -88.35, 47.07 ], [ -88.37, 47.01 ], [ -88.4, 46.99 ], [ -88.44, 47.0 ], [ -88.47, 47.03 ], [ -88.46, 47.07 ], [ -88.41, 47.1 ], [ -88.4, 47.12 ], [ -88.41, 47.18 ], [ -88.45, 47.15 ], [ -88.41, 47.15 ], [ -88.41, 47.12 ], [ -88.43, 47.1 ], [ -88.47, 47.09 ], [ -88.49, 47.09 ], [ -88.49, 47.11 ], [ -88.52, 47.12 ], [ -88.58, 47.13 ], [ -88.61, 47.14 ], [ -88.63, 47.17 ], [ -88.61, 47.19 ], [ -88.61, 47.24 ], [ -88.55, 47.26 ], [ -88.49, 47.29 ], [ -88.44, 47.36 ], [ -88.36, 47.4 ], [ -88.29, 47.42 ], [ -88.22, 47.43 ], [ -88.21, 47.45 ], [ -88.16, 47.46 ], [ -88.11, 47.46 ], [ -88.08, 47.47 ], [ -88.03, 47.47 ], [ -87.99, 47.48 ] ] ], [ [ [ -122.44, 47.4 ], [ -122.39, 47.39 ], [ -122.45, 47.36 ], [ -122.44, 47.39 ], [ -122.47, 47.4 ], [ -122.49, 47.38 ], [ -122.49, 47.35 ], [ -122.5, 47.33 ], [ -122.53, 47.35 ], [ -122.52, 47.38 ], [ -122.53, 47.39 ], [ -122.52, 47.42 ], [ -122.51, 47.45 ], [ -122.5, 47.47 ], [ -122.46, 47.48 ], [ -122.44, 47.46 ], [ -122.44, 47.4 ] ] ], [ [ [ -122.55, 47.69 ], [ -122.51, 47.7 ], [ -122.52, 47.65 ], [ -122.5, 47.63 ], [ -122.5, 47.61 ], [ -122.53, 47.57 ], [ -122.56, 47.6 ], [ -122.58, 47.6 ], [ -122.58, 47.64 ], [ -122.59, 47.66 ], [ -122.56, 47.67 ], [ -122.55, 47.69 ] ] ], [ [ [ -122.69, 48.06 ], [ -122.67, 48.02 ], [ -122.69, 48.01 ], [ -122.72, 48.02 ], [ -122.75, 48.07 ], [ -122.73, 48.08 ], [ -122.72, 48.04 ], [ -122.69, 48.06 ], [ -122.73, 48.1 ], [ -122.7, 48.11 ], [ -122.69, 48.06 ] ] ], [ [ [ -88.45, 48.16 ], [ -88.47, 48.14 ], [ -88.56, 48.09 ], [ -88.58, 48.06 ], [ -88.69, 48.0 ], [ -88.75, 47.98 ], [ -88.8, 47.98 ], [ -88.95, 47.93 ], [ -88.96, 47.91 ], [ -88.92, 47.89 ], [ -88.95, 47.88 ], [ -89.06, 47.85 ], [ -89.12, 47.83 ], [ -89.16, 47.82 ], [ -89.19, 47.83 ], [ -89.26, 47.87 ], [ -89.25, 47.89 ], [ -89.2, 47.92 ], [ -89.0, 48.0 ], [ -88.89, 48.03 ], [ -88.79, 48.06 ], [ -88.77, 48.08 ], [ -88.68, 48.11 ], [ -88.67, 48.13 ], [ -88.64, 48.15 ], [ -88.59, 48.16 ], [ -88.56, 48.16 ], [ -88.46, 48.19 ], [ -88.42, 48.19 ], [ -88.42, 48.17 ], [ -88.45, 48.16 ] ] ], [ [ [ -122.6, 48.4 ], [ -122.58, 48.35 ], [ -122.53, 48.32 ], [ -122.51, 48.3 ], [ -122.55, 48.28 ], [ -122.59, 48.3 ], [ -122.63, 48.29 ], [ -122.63, 48.27 ], [ -122.67, 48.27 ], [ -122.66, 48.25 ], [ -122.67, 48.23 ], [ -122.73, 48.23 ], [ -122.72, 48.22 ], [ -122.65, 48.22 ], [ -122.61, 48.21 ], [ -122.56, 48.13 ], [ -122.57, 48.1 ], [ -122.55, 48.08 ], [ -122.54, 48.02 ], [ -122.51, 48.04 ], [ -122.51, 48.08 ], [ -122.5, 48.09 ], [ -122.45, 48.05 ], [ -122.39, 48.03 ], [ -122.38, 48.01 ], [ -122.36, 47.97 ], [ -122.36, 47.94 ], [ -122.38, 47.93 ], [ -122.42, 47.91 ], [ -122.44, 47.92 ], [ -122.45, 47.96 ], [ -122.47, 47.99 ], [ -122.49, 47.99 ], [ -122.54, 47.97 ], [ -122.55, 47.99 ], [ -122.61, 48.03 ], [ -122.6, 48.06 ], [ -122.62, 48.08 ], [ -122.6, 48.11 ], [ -122.6, 48.14 ], [ -122.62, 48.16 ], [ -122.65, 48.16 ], [ -122.68, 48.16 ], [ -122.69, 48.18 ], [ -122.77, 48.22 ], [ -122.75, 48.26 ], [ -122.73, 48.28 ], [ -122.71, 48.31 ], [ -122.68, 48.35 ], [ -122.66, 48.38 ], [ -122.6, 48.4 ] ] ], [ [ [ -122.8, 48.51 ], [ -122.81, 48.49 ], [ -122.84, 48.51 ], [ -122.8, 48.51 ] ] ], [ [ [ -122.89, 48.55 ], [ -122.86, 48.53 ], [ -122.88, 48.5 ], [ -122.86, 48.47 ], [ -122.86, 48.46 ], [ -122.84, 48.44 ], [ -122.81, 48.45 ], [ -122.81, 48.43 ], [ -122.88, 48.42 ], [ -122.88, 48.44 ], [ -122.91, 48.44 ], [ -122.94, 48.46 ], [ -122.94, 48.5 ], [ -122.92, 48.5 ], [ -122.92, 48.52 ], [ -122.92, 48.55 ], [ -122.89, 48.55 ] ] ], [ [ [ -122.81, 48.53 ], [ -122.82, 48.54 ], [ -122.83, 48.58 ], [ -122.81, 48.58 ], [ -122.78, 48.55 ], [ -122.81, 48.53 ] ] ], [ [ [ -122.59, 48.53 ], [ -122.63, 48.53 ], [ -122.65, 48.54 ], [ -122.65, 48.56 ], [ -122.65, 48.58 ], [ -122.59, 48.54 ], [ -122.59, 48.53 ] ] ], [ [ [ -122.97, 48.59 ], [ -122.92, 48.58 ], [ -122.95, 48.56 ], [ -123.01, 48.58 ], [ -122.97, 48.59 ] ] ], [ [ [ -122.7, 48.59 ], [ -122.68, 48.56 ], [ -122.72, 48.54 ], [ -122.74, 48.58 ], [ -122.71, 48.6 ], [ -122.7, 48.59 ] ] ], [ [ [ -123.14, 48.62 ], [ -123.11, 48.62 ], [ -123.11, 48.6 ], [ -123.08, 48.59 ], [ -123.06, 48.58 ], [ -123.01, 48.56 ], [ -123.02, 48.54 ], [ -123.01, 48.53 ], [ -123.03, 48.52 ], [ -123.03, 48.49 ], [ -123.0, 48.46 ], [ -122.99, 48.45 ], [ -123.12, 48.49 ], [ -123.16, 48.52 ], [ -123.16, 48.55 ], [ -123.18, 48.56 ], [ -123.17, 48.58 ], [ -123.14, 48.61 ], [ -123.14, 48.62 ] ] ], [ [ [ -122.83, 48.69 ], [ -122.8, 48.67 ], [ -122.76, 48.66 ], [ -122.76, 48.65 ], [ -122.81, 48.63 ], [ -122.83, 48.6 ], [ -122.87, 48.64 ], [ -122.88, 48.64 ], [ -122.89, 48.69 ], [ -122.92, 48.69 ], [ -122.91, 48.65 ], [ -122.88, 48.63 ], [ -122.87, 48.6 ], [ -122.89, 48.59 ], [ -122.9, 48.6 ], [ -122.93, 48.59 ], [ -122.95, 48.61 ], [ -122.95, 48.63 ], [ -122.99, 48.63 ], [ -122.98, 48.6 ], [ -123.03, 48.61 ], [ -123.03, 48.63 ], [ -123.02, 48.65 ], [ -122.97, 48.68 ], [ -122.94, 48.72 ], [ -122.9, 48.71 ], [ -122.83, 48.69 ] ] ], [ [ [ -123.02, 48.71 ], [ -123.01, 48.69 ], [ -123.05, 48.68 ], [ -123.05, 48.72 ], [ -123.02, 48.71 ] ] ], [ [ [ -122.71, 48.74 ], [ -122.66, 48.69 ], [ -122.63, 48.67 ], [ -122.64, 48.65 ], [ -122.69, 48.69 ], [ -122.7, 48.71 ], [ -122.72, 48.72 ], [ -122.71, 48.74 ] ] ], [ [ [ -123.02, 48.98 ], [ -123.08, 48.97 ], [ -123.09, 49.0 ], [ -123.04, 49.0 ], [ -123.02, 48.98 ] ] ], [ [ [ -74.65, 39.23 ], [ -74.67, 39.22 ], [ -74.67, 39.2 ], [ -74.71, 39.18 ], [ -74.71, 39.17 ], [ -74.74, 39.11 ], [ -74.79, 39.1 ], [ -74.77, 39.07 ], [ -74.79, 39.03 ], [ -74.82, 39.02 ], [ -74.83, 39.01 ], [ -74.86, 39.01 ], [ -74.88, 38.99 ], [ -74.87, 38.95 ], [ -74.89, 38.94 ], [ -74.95, 38.93 ], [ -74.97, 38.93 ], [ -74.97, 38.96 ], [ -74.97, 38.98 ], [ -74.95, 39.03 ], [ -74.92, 39.05 ], [ -74.91, 39.08 ], [ -74.89, 39.11 ], [ -74.9, 39.15 ], [ -74.91, 39.17 ], [ -74.97, 39.19 ], [ -75.03, 39.18 ], [ -75.04, 39.21 ], [ -75.12, 39.2 ], [ -75.13, 39.18 ], [ -75.14, 39.18 ], [ -75.17, 39.21 ], [ -75.18, 39.24 ], [ -75.23, 39.26 ], [ -75.25, 39.27 ], [ -75.26, 39.3 ], [ -75.28, 39.3 ], [ -75.29, 39.28 ], [ -75.32, 39.3 ], [ -75.33, 39.34 ], [ -75.37, 39.34 ], [ -75.39, 39.35 ], [ -75.41, 39.37 ], [ -75.44, 39.39 ], [ -75.46, 39.42 ], [ -75.51, 39.46 ], [ -75.54, 39.46 ], [ -75.55, 39.48 ], [ -75.55, 39.5 ], [ -75.53, 39.51 ], [ -75.53, 39.54 ], [ -75.52, 39.56 ], [ -75.52, 39.58 ], [ -75.57, 39.61 ], [ -75.57, 39.63 ], [ -75.53, 39.65 ], [ -75.51, 39.67 ], [ -75.51, 39.69 ], [ -75.52, 39.71 ], [ -75.56, 39.66 ], [ -75.58, 39.66 ], [ -75.61, 39.63 ], [ -75.61, 39.6 ], [ -75.56, 39.57 ], [ -75.56, 39.54 ], [ -75.59, 39.48 ], [ -75.59, 39.46 ], [ -75.56, 39.44 ], [ -75.53, 39.41 ], [ -75.52, 39.37 ], [ -75.5, 39.35 ], [ -75.5, 39.34 ], [ -75.46, 39.33 ], [ -75.44, 39.32 ], [ -75.43, 39.29 ], [ -75.41, 39.27 ], [ -75.39, 39.24 ], [ -75.39, 39.21 ], [ -75.41, 39.15 ], [ -75.4, 39.12 ], [ -75.4, 39.08 ], [ -75.39, 39.06 ], [ -75.36, 39.05 ], [ -75.32, 39.01 ], [ -75.32, 39.0 ], [ -75.3, 38.97 ], [ -75.31, 38.94 ], [ -75.3, 38.91 ], [ -75.25, 38.88 ], [ -75.23, 38.84 ], [ -75.19, 38.81 ], [ -75.15, 38.79 ], [ -75.08, 38.78 ], [ -75.07, 38.71 ], [ -75.06, 38.68 ], [ -75.06, 38.64 ], [ -75.08, 38.64 ], [ -75.07, 38.66 ], [ -75.08, 38.69 ], [ -75.1, 38.69 ], [ -75.13, 38.69 ], [ -75.13, 38.66 ], [ -75.13, 38.64 ], [ -75.1, 38.63 ], [ -75.11, 38.62 ], [ -75.15, 38.61 ], [ -75.17, 38.6 ], [ -75.21, 38.59 ], [ -75.18, 38.58 ], [ -75.14, 38.59 ], [ -75.11, 38.58 ], [ -75.09, 38.58 ], [ -75.07, 38.59 ], [ -75.07, 38.61 ], [ -75.06, 38.62 ], [ -75.05, 38.52 ], [ -75.04, 38.46 ], [ -75.05, 38.41 ], [ -75.07, 38.37 ], [ -75.08, 38.33 ], [ -75.09, 38.33 ], [ -75.07, 38.4 ], [ -75.06, 38.42 ], [ -75.06, 38.44 ], [ -75.1, 38.42 ], [ -75.11, 38.4 ], [ -75.13, 38.41 ], [ -75.15, 38.41 ], [ -75.13, 38.39 ], [ -75.14, 38.37 ], [ -75.15, 38.35 ], [ -75.12, 38.36 ], [ -75.1, 38.35 ], [ -75.1, 38.33 ], [ -75.13, 38.29 ], [ -75.15, 38.25 ], [ -75.17, 38.23 ], [ -75.2, 38.23 ], [ -75.2, 38.25 ], [ -75.23, 38.24 ], [ -75.26, 38.21 ], [ -75.26, 38.17 ], [ -75.28, 38.15 ], [ -75.29, 38.12 ], [ -75.29, 38.1 ], [ -75.33, 38.11 ], [ -75.34, 38.09 ], [ -75.36, 38.08 ], [ -75.36, 38.06 ], [ -75.37, 38.01 ], [ -75.39, 38.01 ], [ -75.43, 37.98 ], [ -75.44, 37.94 ], [ -75.45, 37.9 ], [ -75.47, 37.92 ], [ -75.5, 37.88 ], [ -75.47, 37.87 ], [ -75.51, 37.83 ], [ -75.53, 37.82 ], [ -75.54, 37.77 ], [ -75.56, 37.78 ], [ -75.58, 37.74 ], [ -75.6, 37.73 ], [ -75.62, 37.7 ], [ -75.6, 37.69 ], [ -75.6, 37.67 ], [ -75.62, 37.67 ], [ -75.65, 37.66 ], [ -75.67, 37.62 ], [ -75.68, 37.6 ], [ -75.7, 37.59 ], [ -75.7, 37.58 ], [ -75.68, 37.57 ], [ -75.66, 37.59 ], [ -75.62, 37.57 ], [ -75.66, 37.56 ], [ -75.68, 37.56 ], [ -75.69, 37.54 ], [ -75.71, 37.56 ], [ -75.73, 37.56 ], [ -75.75, 37.52 ], [ -75.72, 37.5 ], [ -75.72, 37.49 ], [ -75.77, 37.5 ], [ -75.81, 37.48 ], [ -75.82, 37.43 ], [ -75.79, 37.41 ], [ -75.81, 37.4 ], [ -75.87, 37.4 ], [ -75.87, 37.38 ], [ -75.91, 37.34 ], [ -75.91, 37.32 ], [ -75.92, 37.3 ], [ -75.91, 37.29 ], [ -75.93, 37.25 ], [ -75.92, 37.22 ], [ -75.94, 37.19 ], [ -75.94, 37.16 ], [ -75.93, 37.14 ], [ -75.95, 37.12 ], [ -75.97, 37.13 ], [ -75.98, 37.16 ], [ -75.99, 37.18 ], [ -76.01, 37.21 ], [ -76.01, 37.23 ], [ -75.98, 37.24 ], [ -76.03, 37.27 ], [ -76.01, 37.3 ], [ -75.98, 37.32 ], [ -76.02, 37.33 ], [ -76.0, 37.35 ], [ -75.99, 37.39 ], [ -75.96, 37.42 ], [ -75.94, 37.42 ], [ -75.94, 37.44 ], [ -75.98, 37.42 ], [ -75.99, 37.44 ], [ -75.96, 37.47 ], [ -75.94, 37.46 ], [ -75.92, 37.49 ], [ -75.9, 37.5 ], [ -75.91, 37.52 ], [ -75.95, 37.48 ], [ -75.96, 37.51 ], [ -75.93, 37.55 ], [ -75.94, 37.57 ], [ -75.93, 37.59 ], [ -75.93, 37.61 ], [ -75.91, 37.62 ], [ -75.87, 37.6 ], [ -75.88, 37.63 ], [ -75.9, 37.64 ], [ -75.87, 37.67 ], [ -75.82, 37.67 ], [ -75.83, 37.68 ], [ -75.85, 37.68 ], [ -75.84, 37.72 ], [ -75.77, 37.71 ], [ -75.81, 37.75 ], [ -75.76, 37.77 ], [ -75.79, 37.79 ], [ -75.79, 37.81 ], [ -75.73, 37.79 ], [ -75.71, 37.79 ], [ -75.7, 37.8 ], [ -75.71, 37.82 ], [ -75.71, 37.85 ], [ -75.68, 37.84 ], [ -75.66, 37.87 ], [ -75.69, 37.86 ], [ -75.68, 37.9 ], [ -75.69, 37.91 ], [ -75.72, 37.9 ], [ -75.74, 37.91 ], [ -75.74, 37.92 ], [ -75.7, 37.93 ], [ -75.68, 37.95 ], [ -75.64, 37.94 ], [ -75.64, 37.96 ], [ -75.66, 37.96 ], [ -75.68, 37.97 ], [ -75.71, 37.98 ], [ -75.74, 37.96 ], [ -75.75, 37.97 ], [ -75.79, 37.98 ], [ -75.81, 37.96 ], [ -75.83, 37.94 ], [ -75.85, 37.94 ], [ -75.87, 37.93 ], [ -75.9, 37.95 ], [ -75.87, 37.95 ], [ -75.86, 37.99 ], [ -75.9, 37.98 ], [ -75.87, 38.02 ], [ -75.83, 38.04 ], [ -75.8, 38.06 ], [ -75.79, 38.08 ], [ -75.85, 38.07 ], [ -75.86, 38.08 ], [ -75.86, 38.1 ], [ -75.83, 38.1 ], [ -75.84, 38.13 ], [ -75.82, 38.14 ], [ -75.79, 38.13 ], [ -75.78, 38.17 ], [ -75.83, 38.16 ], [ -75.84, 38.15 ], [ -75.87, 38.15 ], [ -75.89, 38.15 ], [ -75.93, 38.15 ], [ -75.96, 38.13 ], [ -75.95, 38.17 ], [ -75.95, 38.19 ], [ -75.89, 38.2 ], [ -75.87, 38.2 ], [ -75.83, 38.22 ], [ -75.85, 38.25 ], [ -75.88, 38.26 ], [ -75.89, 38.23 ], [ -75.91, 38.25 ], [ -75.91, 38.28 ], [ -75.89, 38.33 ], [ -75.88, 38.33 ], [ -75.88, 38.36 ], [ -75.91, 38.34 ], [ -75.94, 38.31 ], [ -75.94, 38.28 ], [ -75.95, 38.26 ], [ -75.98, 38.27 ], [ -76.02, 38.31 ], [ -75.96, 38.33 ], [ -75.96, 38.35 ], [ -75.98, 38.37 ], [ -75.99, 38.37 ], [ -76.04, 38.32 ], [ -76.04, 38.31 ], [ -76.02, 38.28 ], [ -76.04, 38.25 ], [ -76.03, 38.22 ], [ -76.05, 38.22 ], [ -76.07, 38.27 ], [ -76.09, 38.28 ], [ -76.1, 38.3 ], [ -76.12, 38.3 ], [ -76.17, 38.34 ], [ -76.18, 38.36 ], [ -76.22, 38.37 ], [ -76.24, 38.37 ], [ -76.28, 38.38 ], [ -76.28, 38.41 ], [ -76.31, 38.45 ], [ -76.33, 38.49 ], [ -76.26, 38.51 ], [ -76.21, 38.55 ], [ -76.2, 38.57 ], [ -76.24, 38.57 ], [ -76.27, 38.56 ], [ -76.31, 38.57 ], [ -76.26, 38.6 ], [ -76.27, 38.61 ], [ -76.21, 38.61 ], [ -76.18, 38.63 ], [ -76.17, 38.6 ], [ -76.14, 38.6 ], [ -76.11, 38.58 ], [ -76.09, 38.59 ], [ -76.07, 38.57 ], [ -76.04, 38.57 ], [ -76.05, 38.59 ], [ -76.08, 38.61 ], [ -76.12, 38.64 ], [ -76.15, 38.64 ], [ -76.15, 38.65 ], [ -76.17, 38.66 ], [ -76.17, 38.69 ], [ -76.15, 38.7 ], [ -76.14, 38.69 ], [ -76.13, 38.71 ], [ -76.14, 38.74 ], [ -76.15, 38.71 ], [ -76.17, 38.72 ], [ -76.2, 38.69 ], [ -76.24, 38.72 ], [ -76.23, 38.74 ], [ -76.2, 38.73 ], [ -76.19, 38.75 ], [ -76.22, 38.75 ], [ -76.22, 38.77 ], [ -76.25, 38.79 ], [ -76.26, 38.77 ], [ -76.25, 38.76 ], [ -76.28, 38.74 ], [ -76.3, 38.75 ], [ -76.27, 38.78 ], [ -76.32, 38.77 ], [ -76.31, 38.75 ], [ -76.33, 38.71 ], [ -76.32, 38.68 ], [ -76.35, 38.68 ], [ -76.34, 38.72 ], [ -76.34, 38.75 ], [ -76.32, 38.79 ], [ -76.31, 38.82 ], [ -76.25, 38.83 ], [ -76.21, 38.81 ], [ -76.21, 38.78 ], [ -76.16, 38.76 ], [ -76.15, 38.78 ], [ -76.1, 38.79 ], [ -76.15, 38.8 ], [ -76.16, 38.78 ], [ -76.19, 38.79 ], [ -76.2, 38.81 ], [ -76.19, 38.85 ], [ -76.15, 38.86 ], [ -76.16, 38.88 ], [ -76.12, 38.88 ], [ -76.11, 38.87 ], [ -76.09, 38.89 ], [ -76.14, 38.91 ], [ -76.17, 38.93 ], [ -76.18, 38.89 ], [ -76.21, 38.91 ], [ -76.2, 38.93 ], [ -76.22, 38.94 ], [ -76.24, 38.96 ], [ -76.2, 38.98 ], [ -76.16, 39.01 ], [ -76.15, 39.06 ], [ -76.14, 39.09 ], [ -76.12, 39.07 ], [ -76.12, 39.12 ], [ -76.14, 39.11 ], [ -76.17, 39.12 ], [ -76.19, 39.1 ], [ -76.2, 39.09 ], [ -76.21, 39.06 ], [ -76.2, 39.03 ], [ -76.22, 39.02 ], [ -76.24, 39.03 ], [ -76.23, 39.06 ], [ -76.24, 39.1 ], [ -76.25, 39.11 ], [ -76.24, 39.13 ], [ -76.27, 39.16 ], [ -76.22, 39.24 ], [ -76.19, 39.27 ], [ -76.18, 39.32 ], [ -76.17, 39.33 ], [ -76.12, 39.33 ], [ -76.13, 39.35 ], [ -76.11, 39.38 ], [ -76.08, 39.37 ], [ -76.03, 39.37 ], [ -76.0, 39.37 ], [ -75.98, 39.37 ], [ -75.9, 39.37 ], [ -75.94, 39.39 ], [ -76.03, 39.39 ], [ -76.04, 39.4 ], [ -76.0, 39.42 ], [ -75.97, 39.47 ], [ -75.94, 39.48 ], [ -75.93, 39.47 ], [ -75.92, 39.5 ], [ -75.89, 39.51 ], [ -75.83, 39.57 ], [ -75.84, 39.59 ], [ -75.86, 39.57 ], [ -75.9, 39.52 ], [ -75.93, 39.52 ], [ -75.93, 39.51 ], [ -75.98, 39.48 ], [ -76.0, 39.49 ], [ -75.98, 39.52 ], [ -75.97, 39.56 ], [ -76.0, 39.57 ], [ -76.01, 39.55 ], [ -76.08, 39.55 ], [ -76.09, 39.54 ], [ -76.11, 39.5 ], [ -76.1, 39.47 ], [ -76.1, 39.44 ], [ -76.13, 39.42 ], [ -76.18, 39.39 ], [ -76.2, 39.36 ], [ -76.23, 39.35 ], [ -76.25, 39.36 ], [ -76.24, 39.4 ], [ -76.22, 39.43 ], [ -76.23, 39.44 ], [ -76.24, 39.47 ], [ -76.26, 39.45 ], [ -76.25, 39.42 ], [ -76.28, 39.37 ], [ -76.26, 39.34 ], [ -76.29, 39.3 ], [ -76.3, 39.35 ], [ -76.31, 39.39 ], [ -76.36, 39.4 ], [ -76.39, 39.38 ], [ -76.34, 39.38 ], [ -76.36, 39.35 ], [ -76.37, 39.34 ], [ -76.39, 39.31 ], [ -76.42, 39.32 ], [ -76.43, 39.31 ], [ -76.38, 39.29 ], [ -76.41, 39.26 ], [ -76.46, 39.26 ], [ -76.42, 39.23 ], [ -76.45, 39.22 ], [ -76.47, 39.22 ], [ -76.49, 39.21 ], [ -76.5, 39.23 ], [ -76.51, 39.24 ], [ -76.54, 39.24 ], [ -76.54, 39.26 ], [ -76.59, 39.27 ], [ -76.63, 39.25 ], [ -76.58, 39.24 ], [ -76.57, 39.23 ], [ -76.58, 39.21 ], [ -76.58, 39.19 ], [ -76.6, 39.18 ], [ -76.59, 39.16 ], [ -76.55, 39.22 ], [ -76.5, 39.16 ], [ -76.48, 39.17 ], [ -76.46, 39.15 ], [ -76.46, 39.13 ], [ -76.43, 39.11 ], [ -76.42, 39.08 ], [ -76.44, 39.07 ], [ -76.44, 39.1 ], [ -76.46, 39.1 ], [ -76.5, 39.06 ], [ -76.46, 39.06 ], [ -76.41, 39.04 ], [ -76.39, 39.01 ], [ -76.42, 39.0 ], [ -76.45, 39.0 ], [ -76.45, 38.99 ], [ -76.48, 39.0 ], [ -76.54, 39.04 ], [ -76.54, 39.06 ], [ -76.56, 39.08 ], [ -76.58, 39.07 ], [ -76.56, 39.04 ], [ -76.53, 39.03 ], [ -76.51, 39.01 ], [ -76.49, 38.97 ], [ -76.44, 38.95 ], [ -76.46, 38.94 ], [ -76.45, 38.91 ], [ -76.47, 38.91 ], [ -76.52, 38.94 ], [ -76.52, 38.96 ], [ -76.58, 38.96 ], [ -76.58, 38.94 ], [ -76.53, 38.93 ], [ -76.5, 38.91 ], [ -76.49, 38.89 ], [ -76.53, 38.87 ], [ -76.54, 38.83 ], [ -76.51, 38.84 ], [ -76.49, 38.84 ], [ -76.49, 38.82 ], [ -76.51, 38.8 ], [ -76.53, 38.78 ], [ -76.56, 38.77 ], [ -76.54, 38.73 ], [ -76.52, 38.73 ], [ -76.53, 38.66 ], [ -76.51, 38.62 ], [ -76.51, 38.56 ], [ -76.51, 38.52 ], [ -76.48, 38.47 ], [ -76.45, 38.46 ], [ -76.45, 38.45 ], [ -76.4, 38.41 ], [ -76.39, 38.39 ], [ -76.38, 38.36 ], [ -76.41, 38.33 ], [ -76.44, 38.33 ], [ -76.46, 38.32 ], [ -76.47, 38.34 ], [ -76.49, 38.4 ], [ -76.53, 38.41 ], [ -76.58, 38.43 ], [ -76.61, 38.46 ], [ -76.63, 38.46 ], [ -76.65, 38.45 ], [ -76.63, 38.43 ], [ -76.63, 38.42 ], [ -76.6, 38.41 ], [ -76.58, 38.39 ], [ -76.52, 38.38 ], [ -76.5, 38.36 ], [ -76.51, 38.33 ], [ -76.48, 38.32 ], [ -76.46, 38.3 ], [ -76.43, 38.29 ], [ -76.4, 38.3 ], [ -76.39, 38.31 ], [ -76.37, 38.3 ], [ -76.39, 38.28 ], [ -76.39, 38.25 ], [ -76.38, 38.22 ], [ -76.35, 38.18 ], [ -76.32, 38.15 ], [ -76.32, 38.13 ], [ -76.35, 38.12 ], [ -76.35, 38.1 ], [ -76.33, 38.1 ], [ -76.33, 38.05 ], [ -76.35, 38.06 ], [ -76.36, 38.07 ], [ -76.4, 38.11 ], [ -76.42, 38.1 ], [ -76.44, 38.15 ], [ -76.42, 38.16 ], [ -76.44, 38.19 ], [ -76.46, 38.17 ], [ -76.47, 38.14 ], [ -76.5, 38.14 ], [ -76.53, 38.14 ], [ -76.54, 38.18 ], [ -76.57, 38.2 ], [ -76.61, 38.22 ], [ -76.64, 38.23 ], [ -76.68, 38.25 ], [ -76.64, 38.26 ], [ -76.69, 38.27 ], [ -76.7, 38.29 ], [ -76.72, 38.27 ], [ -76.75, 38.24 ], [ -76.8, 38.26 ], [ -76.8, 38.28 ], [ -76.83, 38.34 ], [ -76.82, 38.36 ], [ -76.86, 38.39 ], [ -76.9, 38.38 ], [ -76.86, 38.36 ], [ -76.86, 38.34 ], [ -76.83, 38.28 ], [ -76.88, 38.28 ], [ -76.9, 38.29 ], [ -76.92, 38.29 ], [ -76.92, 38.31 ], [ -76.94, 38.33 ], [ -76.98, 38.34 ], [ -76.98, 38.39 ], [ -77.01, 38.44 ], [ -77.04, 38.47 ], [ -77.04, 38.44 ], [ -77.08, 38.41 ], [ -77.11, 38.41 ], [ -77.1, 38.43 ], [ -77.12, 38.44 ], [ -77.13, 38.4 ], [ -77.17, 38.37 ], [ -77.21, 38.36 ], [ -77.25, 38.38 ], [ -77.26, 38.42 ], [ -77.26, 38.44 ], [ -77.27, 38.49 ], [ -77.25, 38.53 ], [ -77.16, 38.58 ], [ -77.13, 38.59 ], [ -77.14, 38.6 ], [ -77.17, 38.58 ], [ -77.19, 38.59 ], [ -77.18, 38.61 ], [ -77.14, 38.61 ], [ -77.11, 38.64 ], [ -77.13, 38.65 ], [ -77.16, 38.65 ], [ -77.16, 38.63 ], [ -77.2, 38.62 ], [ -77.2, 38.64 ], [ -77.19, 38.66 ], [ -77.22, 38.66 ], [ -77.24, 38.64 ], [ -77.25, 38.59 ], [ -77.27, 38.59 ], [ -77.26, 38.56 ], [ -77.27, 38.56 ], [ -77.29, 38.53 ], [ -77.31, 38.49 ], [ -77.33, 38.42 ], [ -77.35, 38.41 ], [ -77.3, 38.39 ], [ -77.29, 38.36 ], [ -77.31, 38.35 ], [ -77.24, 38.33 ], [ -77.2, 38.34 ], [ -77.16, 38.34 ], [ -77.12, 38.37 ], [ -77.09, 38.37 ], [ -77.07, 38.38 ], [ -77.05, 38.41 ], [ -77.01, 38.39 ], [ -77.02, 38.35 ], [ -77.01, 38.33 ], [ -77.05, 38.33 ], [ -77.06, 38.32 ], [ -77.02, 38.31 ], [ -77.0, 38.28 ], [ -76.96, 38.25 ], [ -76.97, 38.24 ], [ -76.96, 38.21 ], [ -76.92, 38.21 ], [ -76.88, 38.18 ], [ -76.83, 38.17 ], [ -76.79, 38.17 ], [ -76.76, 38.16 ], [ -76.75, 38.14 ], [ -76.72, 38.14 ], [ -76.71, 38.15 ], [ -76.69, 38.16 ], [ -76.66, 38.15 ], [ -76.64, 38.13 ], [ -76.61, 38.15 ], [ -76.6, 38.12 ], [ -76.59, 38.09 ], [ -76.54, 38.08 ], [ -76.52, 38.05 ], [ -76.54, 38.05 ], [ -76.55, 38.01 ], [ -76.54, 37.99 ], [ -76.51, 38.03 ], [ -76.47, 38.01 ], [ -76.47, 37.99 ], [ -76.46, 37.97 ], [ -76.44, 37.99 ], [ -76.41, 37.96 ], [ -76.38, 37.96 ], [ -76.32, 37.94 ], [ -76.25, 37.91 ], [ -76.28, 37.9 ], [ -76.28, 37.88 ], [ -76.25, 37.89 ], [ -76.23, 37.89 ], [ -76.25, 37.84 ], [ -76.27, 37.84 ], [ -76.34, 37.85 ], [ -76.33, 37.82 ], [ -76.34, 37.79 ], [ -76.31, 37.8 ], [ -76.31, 37.78 ], [ -76.32, 37.77 ], [ -76.34, 37.78 ], [ -76.33, 37.73 ], [ -76.31, 37.73 ], [ -76.3, 37.7 ], [ -76.34, 37.68 ], [ -76.33, 37.64 ], [ -76.31, 37.62 ], [ -76.36, 37.61 ], [ -76.38, 37.63 ], [ -76.41, 37.63 ], [ -76.42, 37.66 ], [ -76.46, 37.65 ], [ -76.47, 37.67 ], [ -76.45, 37.68 ], [ -76.46, 37.7 ], [ -76.42, 37.73 ], [ -76.48, 37.72 ], [ -76.48, 37.69 ], [ -76.49, 37.67 ], [ -76.52, 37.65 ], [ -76.54, 37.67 ], [ -76.53, 37.69 ], [ -76.54, 37.72 ], [ -76.56, 37.74 ], [ -76.58, 37.77 ], [ -76.61, 37.78 ], [ -76.63, 37.79 ], [ -76.62, 37.81 ], [ -76.66, 37.81 ], [ -76.68, 37.83 ], [ -76.71, 37.83 ], [ -76.74, 37.86 ], [ -76.74, 37.88 ], [ -76.77, 37.89 ], [ -76.77, 37.91 ], [ -76.8, 37.93 ], [ -76.82, 37.92 ], [ -76.81, 37.9 ], [ -76.79, 37.89 ], [ -76.78, 37.86 ], [ -76.76, 37.84 ], [ -76.73, 37.79 ], [ -76.68, 37.78 ], [ -76.67, 37.76 ], [ -76.62, 37.75 ], [ -76.63, 37.73 ], [ -76.6, 37.72 ], [ -76.58, 37.7 ], [ -76.58, 37.67 ], [ -76.54, 37.62 ], [ -76.44, 37.61 ], [ -76.43, 37.59 ], [ -76.39, 37.57 ], [ -76.34, 37.57 ], [ -76.33, 37.56 ], [ -76.29, 37.56 ], [ -76.3, 37.55 ], [ -76.35, 37.54 ], [ -76.39, 37.54 ], [ -76.45, 37.52 ], [ -76.42, 37.51 ], [ -76.39, 37.53 ], [ -76.36, 37.52 ], [ -76.35, 37.51 ], [ -76.33, 37.51 ], [ -76.31, 37.48 ], [ -76.28, 37.47 ], [ -76.27, 37.45 ], [ -76.25, 37.43 ], [ -76.24, 37.4 ], [ -76.24, 37.38 ], [ -76.29, 37.36 ], [ -76.27, 37.35 ], [ -76.28, 37.32 ], [ -76.31, 37.34 ], [ -76.33, 37.37 ], [ -76.32, 37.38 ], [ -76.34, 37.42 ], [ -76.35, 37.4 ], [ -76.34, 37.38 ], [ -76.39, 37.39 ], [ -76.39, 37.42 ], [ -76.43, 37.42 ], [ -76.41, 37.4 ], [ -76.43, 37.39 ], [ -76.46, 37.39 ], [ -76.47, 37.37 ], [ -76.46, 37.36 ], [ -76.43, 37.35 ], [ -76.41, 37.34 ], [ -76.42, 37.32 ], [ -76.39, 37.29 ], [ -76.4, 37.27 ], [ -76.43, 37.27 ], [ -76.44, 37.26 ], [ -76.47, 37.26 ], [ -76.5, 37.26 ], [ -76.5, 37.27 ], [ -76.54, 37.29 ], [ -76.57, 37.32 ], [ -76.58, 37.32 ], [ -76.59, 37.34 ], [ -76.64, 37.39 ], [ -76.66, 37.42 ], [ -76.68, 37.43 ], [ -76.71, 37.42 ], [ -76.67, 37.37 ], [ -76.61, 37.3 ], [ -76.6, 37.29 ], [ -76.54, 37.27 ], [ -76.53, 37.25 ], [ -76.5, 37.24 ], [ -76.48, 37.23 ], [ -76.44, 37.22 ], [ -76.43, 37.21 ], [ -76.4, 37.21 ], [ -76.39, 37.18 ], [ -76.4, 37.17 ], [ -76.37, 37.16 ], [ -76.33, 37.16 ], [ -76.33, 37.14 ], [ -76.3, 37.14 ], [ -76.29, 37.11 ], [ -76.32, 37.11 ], [ -76.34, 37.11 ], [ -76.36, 37.12 ], [ -76.38, 37.12 ], [ -76.35, 37.09 ], [ -76.34, 37.08 ], [ -76.32, 37.08 ], [ -76.28, 37.1 ], [ -76.27, 37.09 ], [ -76.27, 37.06 ], [ -76.29, 37.02 ], [ -76.34, 37.01 ], [ -76.39, 36.99 ], [ -76.42, 36.96 ], [ -76.45, 36.99 ], [ -76.45, 37.01 ], [ -76.47, 37.03 ], [ -76.53, 37.07 ], [ -76.54, 37.09 ], [ -76.57, 37.08 ], [ -76.59, 37.11 ], [ -76.62, 37.13 ], [ -76.61, 37.16 ], [ -76.63, 37.22 ], [ -76.66, 37.23 ], [ -76.7, 37.23 ], [ -76.7, 37.22 ], [ -76.74, 37.21 ], [ -76.75, 37.19 ], [ -76.77, 37.21 ], [ -76.8, 37.24 ], [ -76.86, 37.24 ], [ -76.87, 37.28 ], [ -76.85, 37.29 ], [ -76.87, 37.3 ], [ -76.89, 37.28 ], [ -76.88, 37.27 ], [ -76.94, 37.22 ], [ -76.91, 37.2 ], [ -76.86, 37.21 ], [ -76.8, 37.2 ], [ -76.8, 37.19 ], [ -76.76, 37.17 ], [ -76.74, 37.15 ], [ -76.71, 37.15 ], [ -76.69, 37.19 ], [ -76.67, 37.18 ], [ -76.67, 37.15 ], [ -76.65, 37.1 ], [ -76.67, 37.06 ], [ -76.65, 37.04 ], [ -76.61, 37.04 ], [ -76.58, 37.02 ], [ -76.53, 36.98 ], [ -76.49, 36.96 ], [ -76.48, 36.92 ], [ -76.49, 36.88 ], [ -76.45, 36.89 ], [ -76.44, 36.91 ], [ -76.38, 36.89 ], [ -76.36, 36.92 ], [ -76.34, 36.89 ], [ -76.35, 36.88 ], [ -76.35, 36.86 ], [ -76.32, 36.85 ], [ -76.31, 36.87 ], [ -76.33, 36.88 ], [ -76.29, 36.9 ], [ -76.3, 36.91 ], [ -76.32, 36.91 ], [ -76.33, 36.95 ], [ -76.27, 36.97 ], [ -76.22, 36.95 ], [ -76.18, 36.93 ], [ -76.19, 36.91 ], [ -76.16, 36.91 ], [ -76.17, 36.93 ], [ -76.13, 36.93 ], [ -76.09, 36.91 ], [ -76.1, 36.89 ], [ -76.05, 36.88 ], [ -76.08, 36.92 ], [ -76.05, 36.92 ], [ -76.03, 36.93 ], [ -75.99, 36.92 ], [ -75.98, 36.9 ], [ -75.97, 36.81 ], [ -75.95, 36.77 ], [ -75.9, 36.65 ], [ -75.89, 36.62 ], [ -75.88, 36.6 ], [ -75.87, 36.57 ], [ -75.88, 36.55 ], [ -75.83, 36.37 ], [ -75.79, 36.25 ], [ -75.77, 36.23 ], [ -75.71, 36.1 ], [ -75.65, 36.0 ], [ -75.59, 35.91 ], [ -75.54, 35.82 ], [ -75.54, 35.8 ], [ -75.57, 35.8 ], [ -75.58, 35.84 ], [ -75.59, 35.84 ], [ -75.61, 35.91 ], [ -75.64, 35.96 ], [ -75.67, 35.97 ], [ -75.69, 36.0 ], [ -75.7, 36.04 ], [ -75.7, 36.05 ], [ -75.74, 36.05 ], [ -75.75, 36.11 ], [ -75.77, 36.2 ], [ -75.79, 36.25 ], [ -75.8, 36.26 ], [ -75.82, 36.3 ], [ -75.83, 36.34 ], [ -75.84, 36.38 ], [ -75.85, 36.42 ], [ -75.87, 36.43 ], [ -75.87, 36.47 ], [ -75.88, 36.47 ], [ -75.88, 36.53 ], [ -75.91, 36.55 ], [ -75.89, 36.6 ], [ -75.91, 36.62 ], [ -75.92, 36.67 ], [ -75.94, 36.72 ], [ -75.97, 36.71 ], [ -75.98, 36.65 ], [ -75.99, 36.64 ], [ -75.98, 36.59 ], [ -75.99, 36.58 ], [ -75.98, 36.56 ], [ -75.93, 36.55 ], [ -75.91, 36.53 ], [ -75.91, 36.48 ], [ -75.96, 36.49 ], [ -75.98, 36.48 ], [ -75.99, 36.5 ], [ -75.98, 36.52 ], [ -75.99, 36.52 ], [ -76.02, 36.55 ], [ -76.01, 36.57 ], [ -76.05, 36.58 ], [ -76.04, 36.52 ], [ -76.05, 36.51 ], [ -76.08, 36.51 ], [ -76.08, 36.49 ], [ -76.05, 36.49 ], [ -75.98, 36.39 ], [ -75.95, 36.37 ], [ -75.94, 36.4 ], [ -75.95, 36.41 ], [ -75.93, 36.42 ], [ -75.92, 36.38 ], [ -75.92, 36.35 ], [ -75.87, 36.25 ], [ -75.87, 36.23 ], [ -75.85, 36.21 ], [ -75.84, 36.17 ], [ -75.81, 36.12 ], [ -75.8, 36.08 ], [ -75.82, 36.07 ], [ -75.85, 36.11 ], [ -75.87, 36.13 ], [ -75.87, 36.17 ], [ -75.9, 36.19 ], [ -75.92, 36.23 ], [ -75.95, 36.26 ], [ -75.94, 36.28 ], [ -75.98, 36.31 ], [ -75.98, 36.26 ], [ -75.96, 36.23 ], [ -75.96, 36.18 ], [ -75.92, 36.16 ], [ -75.99, 36.17 ], [ -76.03, 36.19 ], [ -76.06, 36.23 ], [ -76.09, 36.24 ], [ -76.11, 36.26 ], [ -76.14, 36.29 ], [ -76.18, 36.29 ], [ -76.21, 36.29 ], [ -76.18, 36.26 ], [ -76.15, 36.26 ], [ -76.14, 36.24 ], [ -76.14, 36.22 ], [ -76.08, 36.18 ], [ -76.06, 36.15 ], [ -76.07, 36.14 ], [ -76.1, 36.13 ], [ -76.14, 36.15 ], [ -76.14, 36.13 ], [ -76.18, 36.12 ], [ -76.23, 36.15 ], [ -76.23, 36.16 ], [ -76.27, 36.18 ], [ -76.28, 36.17 ], [ -76.25, 36.15 ], [ -76.24, 36.12 ], [ -76.21, 36.1 ], [ -76.24, 36.09 ], [ -76.25, 36.1 ], [ -76.36, 36.14 ], [ -76.38, 36.14 ], [ -76.39, 36.18 ], [ -76.41, 36.17 ], [ -76.44, 36.18 ], [ -76.46, 36.18 ], [ -76.42, 36.15 ], [ -76.41, 36.14 ], [ -76.38, 36.12 ], [ -76.36, 36.12 ], [ -76.32, 36.08 ], [ -76.4, 36.08 ], [ -76.43, 36.1 ], [ -76.43, 36.07 ], [ -76.42, 36.06 ], [ -76.48, 36.02 ], [ -76.52, 36.01 ], [ -76.59, 36.01 ], [ -76.62, 36.05 ], [ -76.63, 36.04 ], [ -76.67, 36.03 ], [ -76.69, 36.06 ], [ -76.7, 36.08 ], [ -76.69, 36.1 ], [ -76.71, 36.11 ], [ -76.72, 36.14 ], [ -76.73, 36.17 ], [ -76.72, 36.21 ], [ -76.68, 36.27 ], [ -76.69, 36.3 ], [ -76.74, 36.32 ], [ -76.71, 36.28 ], [ -76.71, 36.26 ], [ -76.75, 36.23 ], [ -76.76, 36.2 ], [ -76.76, 36.14 ], [ -76.74, 36.09 ], [ -76.74, 36.07 ], [ -76.71, 36.03 ], [ -76.71, 36.0 ], [ -76.7, 35.99 ], [ -76.73, 35.96 ], [ -76.73, 35.94 ], [ -76.7, 35.95 ], [ -76.67, 35.93 ], [ -76.55, 35.94 ], [ -76.51, 35.95 ], [ -76.48, 35.96 ], [ -76.41, 35.98 ], [ -76.38, 35.96 ], [ -76.37, 35.93 ], [ -76.35, 35.94 ], [ -76.32, 35.93 ], [ -76.32, 35.92 ], [ -76.29, 35.94 ], [ -76.31, 35.96 ], [ -76.28, 35.97 ], [ -76.2, 35.99 ], [ -76.16, 36.0 ], [ -76.14, 35.99 ], [ -76.11, 35.99 ], [ -76.07, 35.98 ], [ -76.03, 35.96 ], [ -76.04, 35.94 ], [ -76.07, 35.95 ], [ -76.07, 35.91 ], [ -76.04, 35.93 ], [ -76.03, 35.91 ], [ -76.04, 35.89 ], [ -76.05, 35.86 ], [ -76.1, 35.86 ], [ -76.06, 35.84 ], [ -76.07, 35.82 ], [ -76.05, 35.8 ], [ -76.06, 35.77 ], [ -76.09, 35.77 ], [ -76.12, 35.79 ], [ -76.13, 35.78 ], [ -76.09, 35.77 ], [ -76.08, 35.75 ], [ -76.06, 35.75 ], [ -76.05, 35.74 ], [ -76.07, 35.7 ], [ -76.04, 35.7 ], [ -76.04, 35.68 ], [ -76.1, 35.68 ], [ -76.12, 35.69 ], [ -76.13, 35.68 ], [ -76.1, 35.66 ], [ -76.06, 35.67 ], [ -76.03, 35.66 ], [ -76.01, 35.68 ], [ -75.99, 35.76 ], [ -76.0, 35.81 ], [ -75.99, 35.83 ], [ -75.99, 35.86 ], [ -75.99, 35.89 ], [ -75.93, 35.92 ], [ -75.88, 35.93 ], [ -75.86, 35.92 ], [ -75.85, 35.94 ], [ -75.83, 35.97 ], [ -75.81, 35.95 ], [ -75.81, 35.94 ], [ -75.79, 35.93 ], [ -75.78, 35.91 ], [ -75.75, 35.88 ], [ -75.75, 35.84 ], [ -75.73, 35.83 ], [ -75.72, 35.8 ], [ -75.74, 35.76 ], [ -75.72, 35.72 ], [ -75.72, 35.69 ], [ -75.77, 35.69 ], [ -75.78, 35.68 ], [ -75.77, 35.65 ], [ -75.74, 35.65 ], [ -75.74, 35.62 ], [ -75.75, 35.6 ], [ -75.78, 35.59 ], [ -75.78, 35.57 ], [ -75.8, 35.57 ], [ -75.83, 35.59 ], [ -75.86, 35.59 ], [ -75.89, 35.62 ], [ -75.9, 35.6 ], [ -75.89, 35.57 ], [ -75.91, 35.57 ], [ -75.92, 35.54 ], [ -75.98, 35.52 ], [ -75.99, 35.51 ], [ -75.96, 35.5 ], [ -76.0, 35.47 ], [ -76.0, 35.46 ], [ -76.04, 35.43 ], [ -76.07, 35.43 ], [ -76.09, 35.37 ], [ -76.11, 35.36 ], [ -76.15, 35.35 ], [ -76.15, 35.34 ], [ -76.18, 35.35 ], [ -76.21, 35.34 ], [ -76.23, 35.36 ], [ -76.27, 35.37 ], [ -76.26, 35.35 ], [ -76.28, 35.34 ], [ -76.31, 35.35 ], [ -76.3, 35.37 ], [ -76.32, 35.39 ], [ -76.36, 35.38 ], [ -76.35, 35.37 ], [ -76.36, 35.35 ], [ -76.43, 35.36 ], [ -76.42, 35.37 ], [ -76.38, 35.36 ], [ -76.38, 35.41 ], [ -76.41, 35.44 ], [ -76.42, 35.42 ], [ -76.44, 35.4 ], [ -76.47, 35.41 ], [ -76.48, 35.39 ], [ -76.47, 35.37 ], [ -76.5, 35.37 ], [ -76.51, 35.38 ], [ -76.54, 35.41 ], [ -76.53, 35.42 ], [ -76.53, 35.44 ], [ -76.56, 35.46 ], [ -76.57, 35.49 ], [ -76.58, 35.5 ], [ -76.55, 35.51 ], [ -76.5, 35.5 ], [ -76.47, 35.51 ], [ -76.47, 35.53 ], [ -76.45, 35.55 ], [ -76.46, 35.56 ], [ -76.49, 35.55 ], [ -76.49, 35.53 ], [ -76.56, 35.53 ], [ -76.59, 35.54 ], [ -76.61, 35.53 ], [ -76.65, 35.52 ], [ -76.61, 35.47 ], [ -76.61, 35.45 ], [ -76.6, 35.42 ], [ -76.59, 35.41 ], [ -76.58, 35.39 ], [ -76.66, 35.41 ], [ -76.65, 35.43 ], [ -76.69, 35.42 ], [ -76.71, 35.42 ], [ -76.77, 35.43 ], [ -76.82, 35.44 ], [ -76.84, 35.45 ], [ -76.89, 35.45 ], [ -76.99, 35.48 ], [ -77.02, 35.51 ], [ -77.03, 35.48 ], [ -76.99, 35.46 ], [ -76.98, 35.43 ], [ -76.93, 35.44 ], [ -76.88, 35.42 ], [ -76.85, 35.42 ], [ -76.82, 35.39 ], [ -76.8, 35.38 ], [ -76.72, 35.37 ], [ -76.7, 35.34 ], [ -76.66, 35.33 ], [ -76.64, 35.34 ], [ -76.62, 35.3 ], [ -76.6, 35.33 ], [ -76.58, 35.32 ], [ -76.55, 35.3 ], [ -76.53, 35.32 ], [ -76.51, 35.3 ], [ -76.51, 35.27 ], [ -76.47, 35.27 ], [ -76.52, 35.23 ], [ -76.56, 35.23 ], [ -76.57, 35.21 ], [ -76.55, 35.21 ], [ -76.56, 35.19 ], [ -76.6, 35.21 ], [ -76.62, 35.18 ], [ -76.66, 35.18 ], [ -76.7, 35.15 ], [ -76.69, 35.14 ], [ -76.67, 35.15 ], [ -76.67, 35.16 ], [ -76.63, 35.15 ], [ -76.6, 35.14 ], [ -76.59, 35.17 ], [ -76.56, 35.15 ], [ -76.57, 35.1 ], [ -76.59, 35.1 ], [ -76.63, 35.09 ], [ -76.63, 35.06 ], [ -76.66, 35.04 ], [ -76.69, 35.02 ], [ -76.72, 35.04 ], [ -76.72, 35.01 ], [ -76.77, 34.99 ], [ -76.78, 34.97 ], [ -76.82, 34.97 ], [ -76.85, 34.99 ], [ -76.88, 35.0 ], [ -76.91, 35.02 ], [ -76.94, 35.03 ], [ -76.94, 35.04 ], [ -76.96, 35.06 ], [ -77.01, 35.06 ], [ -76.99, 35.04 ], [ -76.98, 35.0 ], [ -76.92, 34.96 ], [ -76.92, 34.95 ], [ -76.86, 34.94 ], [ -76.86, 34.93 ], [ -76.87, 34.91 ], [ -76.84, 34.91 ], [ -76.85, 34.93 ], [ -76.83, 34.94 ], [ -76.81, 34.93 ], [ -76.76, 34.92 ], [ -76.75, 34.92 ], [ -76.73, 34.92 ], [ -76.71, 34.95 ], [ -76.69, 34.95 ], [ -76.66, 34.98 ], [ -76.62, 34.98 ], [ -76.6, 34.97 ], [ -76.6, 34.96 ], [ -76.57, 34.94 ], [ -76.55, 34.95 ], [ -76.58, 34.97 ], [ -76.58, 34.99 ], [ -76.53, 35.0 ], [ -76.51, 34.98 ], [ -76.49, 35.03 ], [ -76.47, 35.07 ], [ -76.44, 35.05 ], [ -76.44, 35.0 ], [ -76.43, 35.0 ], [ -76.44, 34.97 ], [ -76.47, 34.97 ], [ -76.46, 34.95 ], [ -76.45, 34.94 ], [ -76.41, 34.96 ], [ -76.41, 34.94 ], [ -76.39, 34.93 ], [ -76.39, 34.96 ], [ -76.37, 34.97 ], [ -76.32, 34.97 ], [ -76.36, 35.01 ], [ -76.33, 35.03 ], [ -76.32, 35.0 ], [ -76.29, 34.96 ], [ -76.29, 34.94 ], [ -76.3, 34.93 ], [ -76.34, 34.92 ], [ -76.32, 34.9 ], [ -76.35, 34.87 ], [ -76.38, 34.87 ], [ -76.43, 34.83 ], [ -76.48, 34.76 ], [ -76.52, 34.75 ], [ -76.5, 34.72 ], [ -76.52, 34.73 ], [ -76.56, 34.72 ], [ -76.58, 34.72 ], [ -76.59, 34.75 ], [ -76.57, 34.77 ], [ -76.58, 34.78 ], [ -76.6, 34.77 ], [ -76.62, 34.79 ], [ -76.63, 34.72 ], [ -76.63, 34.71 ], [ -76.66, 34.71 ], [ -76.68, 34.73 ], [ -76.66, 34.75 ], [ -76.69, 34.8 ], [ -76.7, 34.78 ], [ -76.74, 34.77 ], [ -76.76, 34.76 ], [ -76.75, 34.75 ], [ -76.73, 34.76 ], [ -76.7, 34.72 ], [ -76.71, 34.71 ], [ -76.84, 34.73 ], [ -76.91, 34.72 ], [ -76.94, 34.72 ], [ -77.03, 34.68 ], [ -77.06, 34.69 ], [ -77.07, 34.68 ], [ -77.11, 34.68 ], [ -77.08, 34.71 ], [ -77.11, 34.73 ], [ -77.12, 34.69 ], [ -77.14, 34.68 ], [ -77.16, 34.66 ], [ -77.2, 34.64 ], [ -77.21, 34.63 ], [ -77.28, 34.57 ], [ -77.32, 34.55 ], [ -77.34, 34.56 ], [ -77.38, 34.58 ], [ -77.41, 34.58 ], [ -77.4, 34.6 ], [ -77.36, 34.61 ], [ -77.34, 34.64 ], [ -77.37, 34.68 ], [ -77.37, 34.7 ], [ -77.4, 34.72 ], [ -77.41, 34.73 ], [ -77.43, 34.71 ], [ -77.41, 34.7 ], [ -77.41, 34.68 ], [ -77.37, 34.64 ], [ -77.38, 34.63 ], [ -77.4, 34.61 ], [ -77.43, 34.62 ], [ -77.44, 34.59 ], [ -77.42, 34.57 ], [ -77.4, 34.57 ], [ -77.37, 34.55 ], [ -77.39, 34.54 ], [ -77.38, 34.52 ], [ -77.41, 34.52 ], [ -77.45, 34.5 ], [ -77.5, 34.48 ], [ -77.5, 34.47 ], [ -77.55, 34.45 ], [ -77.56, 34.43 ], [ -77.6, 34.42 ], [ -77.62, 34.4 ], [ -77.71, 34.33 ], [ -77.73, 34.32 ], [ -77.76, 34.28 ], [ -77.8, 34.24 ], [ -77.84, 34.19 ], [ -77.88, 34.13 ], [ -77.89, 34.07 ], [ -77.93, 34.07 ], [ -77.93, 34.12 ], [ -77.95, 34.15 ], [ -77.96, 34.19 ], [ -77.97, 34.17 ], [ -77.96, 34.13 ], [ -77.95, 34.04 ], [ -77.96, 33.99 ], [ -77.98, 33.97 ], [ -77.98, 33.95 ], [ -78.0, 33.93 ], [ -78.02, 33.91 ], [ -78.03, 33.89 ], [ -78.11, 33.91 ], [ -78.18, 33.91 ], [ -78.29, 33.91 ], [ -78.37, 33.9 ], [ -78.39, 33.91 ], [ -78.46, 33.9 ], [ -78.55, 33.87 ], [ -78.57, 33.87 ], [ -78.59, 33.84 ], [ -78.67, 33.82 ], [ -78.74, 33.79 ], [ -78.86, 33.72 ], [ -78.95, 33.63 ], [ -79.0, 33.57 ], [ -79.02, 33.53 ], [ -79.08, 33.48 ], [ -79.12, 33.43 ], [ -79.15, 33.39 ], [ -79.15, 33.36 ], [ -79.15, 33.34 ], [ -79.17, 33.34 ], [ -79.2, 33.31 ], [ -79.25, 33.3 ], [ -79.27, 33.31 ], [ -79.26, 33.33 ], [ -79.24, 33.38 ], [ -79.19, 33.43 ], [ -79.2, 33.44 ], [ -79.25, 33.38 ], [ -79.27, 33.37 ], [ -79.28, 33.35 ], [ -79.3, 33.29 ], [ -79.27, 33.26 ], [ -79.21, 33.24 ], [ -79.2, 33.23 ], [ -79.2, 33.18 ], [ -79.23, 33.14 ], [ -79.24, 33.17 ], [ -79.27, 33.19 ], [ -79.31, 33.17 ], [ -79.27, 33.16 ], [ -79.25, 33.14 ], [ -79.25, 33.13 ], [ -79.29, 33.15 ], [ -79.33, 33.16 ], [ -79.33, 33.14 ], [ -79.3, 33.14 ], [ -79.28, 33.12 ], [ -79.3, 33.09 ], [ -79.34, 33.09 ], [ -79.37, 33.06 ], [ -79.38, 33.03 ], [ -79.41, 33.04 ], [ -79.43, 33.03 ], [ -79.44, 33.01 ], [ -79.5, 33.0 ], [ -79.5, 33.02 ], [ -79.53, 33.03 ], [ -79.58, 33.01 ], [ -79.58, 33.0 ], [ -79.61, 32.98 ], [ -79.61, 32.95 ], [ -79.61, 32.93 ], [ -79.59, 32.93 ], [ -79.58, 32.91 ], [ -79.64, 32.88 ], [ -79.67, 32.87 ], [ -79.73, 32.8 ], [ -79.78, 32.79 ], [ -79.86, 32.76 ], [ -79.88, 32.79 ], [ -79.91, 32.79 ], [ -79.9, 32.81 ], [ -79.88, 32.84 ], [ -79.92, 32.83 ], [ -79.94, 32.81 ], [ -79.93, 32.78 ], [ -79.95, 32.78 ], [ -79.94, 32.76 ], [ -79.89, 32.75 ], [ -79.89, 32.73 ], [ -79.87, 32.73 ], [ -79.88, 32.7 ], [ -79.91, 32.67 ], [ -79.96, 32.64 ], [ -79.98, 32.65 ], [ -80.05, 32.64 ], [ -80.0, 32.63 ], [ -80.01, 32.61 ], [ -80.04, 32.61 ], [ -80.15, 32.57 ], [ -80.17, 32.56 ], [ -80.2, 32.59 ], [ -80.22, 32.59 ], [ -80.23, 32.61 ], [ -80.26, 32.62 ], [ -80.25, 32.65 ], [ -80.21, 32.69 ], [ -80.18, 32.7 ], [ -80.21, 32.71 ], [ -80.22, 32.69 ], [ -80.25, 32.69 ], [ -80.25, 32.66 ], [ -80.26, 32.66 ], [ -80.28, 32.63 ], [ -80.31, 32.64 ], [ -80.32, 32.62 ], [ -80.27, 32.62 ], [ -80.24, 32.6 ], [ -80.22, 32.58 ], [ -80.19, 32.56 ], [ -80.21, 32.55 ], [ -80.28, 32.51 ], [ -80.32, 32.48 ], [ -80.34, 32.49 ], [ -80.34, 32.51 ], [ -80.38, 32.54 ], [ -80.4, 32.55 ], [ -80.38, 32.57 ], [ -80.39, 32.59 ], [ -80.38, 32.61 ], [ -80.41, 32.64 ], [ -80.42, 32.64 ], [ -80.42, 32.61 ], [ -80.4, 32.6 ], [ -80.4, 32.57 ], [ -80.42, 32.55 ], [ -80.41, 32.54 ], [ -80.38, 32.52 ], [ -80.36, 32.49 ], [ -80.41, 32.47 ], [ -80.43, 32.5 ], [ -80.44, 32.5 ], [ -80.48, 32.5 ], [ -80.49, 32.5 ], [ -80.51, 32.52 ], [ -80.55, 32.51 ], [ -80.57, 32.55 ], [ -80.59, 32.53 ], [ -80.56, 32.51 ], [ -80.58, 32.51 ], [ -80.6, 32.51 ], [ -80.63, 32.52 ], [ -80.66, 32.5 ], [ -80.61, 32.5 ], [ -80.6, 32.49 ], [ -80.56, 32.49 ], [ -80.55, 32.47 ], [ -80.56, 32.46 ], [ -80.53, 32.45 ], [ -80.51, 32.45 ], [ -80.47, 32.44 ], [ -80.45, 32.41 ], [ -80.48, 32.39 ], [ -80.5, 32.39 ], [ -80.52, 32.38 ], [ -80.56, 32.36 ], [ -80.53, 32.35 ], [ -80.49, 32.38 ], [ -80.47, 32.37 ], [ -80.44, 32.41 ], [ -80.43, 32.39 ], [ -80.44, 32.35 ], [ -80.47, 32.35 ], [ -80.48, 32.34 ], [ -80.46, 32.32 ], [ -80.5, 32.31 ], [ -80.54, 32.28 ], [ -80.57, 32.27 ], [ -80.58, 32.28 ], [ -80.61, 32.26 ], [ -80.63, 32.26 ], [ -80.65, 32.29 ], [ -80.64, 32.35 ], [ -80.67, 32.36 ], [ -80.67, 32.38 ], [ -80.67, 32.42 ], [ -80.69, 32.43 ], [ -80.68, 32.38 ], [ -80.68, 32.36 ], [ -80.67, 32.33 ], [ -80.67, 32.3 ], [ -80.7, 32.31 ], [ -80.72, 32.34 ], [ -80.76, 32.36 ], [ -80.8, 32.42 ], [ -80.81, 32.47 ], [ -80.79, 32.48 ], [ -80.78, 32.5 ], [ -80.82, 32.49 ], [ -80.84, 32.5 ], [ -80.83, 32.47 ], [ -80.84, 32.42 ], [ -80.81, 32.39 ], [ -80.79, 32.37 ], [ -80.79, 32.35 ], [ -80.81, 32.34 ], [ -80.8, 32.32 ], [ -80.81, 32.3 ], [ -80.83, 32.3 ], [ -80.85, 32.31 ], [ -80.88, 32.32 ], [ -80.88, 32.3 ], [ -80.85, 32.3 ], [ -80.83, 32.28 ], [ -80.8, 32.29 ], [ -80.79, 32.31 ], [ -80.76, 32.27 ], [ -80.74, 32.26 ], [ -80.72, 32.27 ], [ -80.67, 32.22 ], [ -80.72, 32.16 ], [ -80.74, 32.14 ], [ -80.79, 32.12 ], [ -80.82, 32.12 ], [ -80.8, 32.15 ], [ -80.78, 32.18 ], [ -80.78, 32.21 ], [ -80.82, 32.21 ], [ -80.87, 32.22 ], [ -80.87, 32.19 ], [ -80.85, 32.21 ], [ -80.79, 32.19 ], [ -80.83, 32.16 ], [ -80.84, 32.12 ], [ -80.87, 32.08 ], [ -80.89, 32.08 ], [ -80.9, 32.06 ], [ -80.92, 32.06 ], [ -80.94, 32.04 ], [ -80.88, 32.02 ], [ -80.85, 32.02 ], [ -80.84, 32.0 ], [ -80.87, 31.98 ], [ -80.86, 31.97 ], [ -80.89, 31.95 ], [ -80.93, 31.95 ], [ -80.94, 31.97 ], [ -80.99, 31.93 ], [ -80.94, 31.9 ], [ -80.97, 31.89 ], [ -80.98, 31.87 ], [ -81.07, 31.88 ], [ -81.09, 31.86 ], [ -81.15, 31.87 ], [ -81.17, 31.9 ], [ -81.2, 31.93 ], [ -81.25, 31.89 ], [ -81.21, 31.89 ], [ -81.18, 31.9 ], [ -81.16, 31.87 ], [ -81.13, 31.85 ], [ -81.1, 31.85 ], [ -81.06, 31.82 ], [ -81.05, 31.81 ], [ -81.06, 31.78 ], [ -81.11, 31.75 ], [ -81.13, 31.73 ], [ -81.16, 31.75 ], [ -81.18, 31.74 ], [ -81.21, 31.75 ], [ -81.23, 31.76 ], [ -81.28, 31.77 ], [ -81.27, 31.75 ], [ -81.24, 31.75 ], [ -81.22, 31.73 ], [ -81.2, 31.72 ], [ -81.19, 31.71 ], [ -81.21, 31.69 ], [ -81.23, 31.69 ], [ -81.27, 31.67 ], [ -81.24, 31.66 ], [ -81.2, 31.66 ], [ -81.2, 31.69 ], [ -81.18, 31.69 ], [ -81.14, 31.7 ], [ -81.13, 31.66 ], [ -81.14, 31.63 ], [ -81.16, 31.57 ], [ -81.18, 31.57 ], [ -81.19, 31.61 ], [ -81.22, 31.64 ], [ -81.23, 31.62 ], [ -81.2, 31.59 ], [ -81.22, 31.56 ], [ -81.27, 31.55 ], [ -81.29, 31.57 ], [ -81.34, 31.55 ], [ -81.31, 31.54 ], [ -81.29, 31.53 ], [ -81.27, 31.52 ], [ -81.31, 31.5 ], [ -81.28, 31.49 ], [ -81.25, 31.52 ], [ -81.2, 31.54 ], [ -81.17, 31.53 ], [ -81.19, 31.51 ], [ -81.23, 31.45 ], [ -81.23, 31.44 ], [ -81.25, 31.42 ], [ -81.27, 31.38 ], [ -81.29, 31.4 ], [ -81.31, 31.44 ], [ -81.32, 31.43 ], [ -81.32, 31.41 ], [ -81.38, 31.4 ], [ -81.35, 31.38 ], [ -81.32, 31.39 ], [ -81.28, 31.35 ], [ -81.28, 31.33 ], [ -81.31, 31.33 ], [ -81.4, 31.35 ], [ -81.43, 31.34 ], [ -81.45, 31.37 ], [ -81.47, 31.35 ], [ -81.41, 31.33 ], [ -81.39, 31.33 ], [ -81.38, 31.32 ], [ -81.34, 31.32 ], [ -81.3, 31.29 ], [ -81.28, 31.29 ], [ -81.28, 31.24 ], [ -81.3, 31.22 ], [ -81.31, 31.22 ], [ -81.33, 31.2 ], [ -81.37, 31.15 ], [ -81.4, 31.13 ], [ -81.42, 31.14 ], [ -81.41, 31.17 ], [ -81.42, 31.2 ], [ -81.43, 31.22 ], [ -81.46, 31.19 ], [ -81.46, 31.17 ], [ -81.44, 31.14 ], [ -81.44, 31.13 ], [ -81.46, 31.11 ], [ -81.49, 31.13 ], [ -81.5, 31.15 ], [ -81.52, 31.15 ], [ -81.53, 31.15 ], [ -81.54, 31.13 ], [ -81.52, 31.12 ], [ -81.51, 31.1 ], [ -81.53, 31.09 ], [ -81.5, 31.07 ], [ -81.48, 31.05 ], [ -81.49, 31.03 ], [ -81.48, 31.01 ], [ -81.46, 31.01 ], [ -81.48, 30.98 ], [ -81.5, 30.97 ], [ -81.54, 30.99 ], [ -81.56, 30.99 ], [ -81.61, 30.97 ], [ -81.57, 30.96 ], [ -81.53, 30.97 ], [ -81.52, 30.96 ], [ -81.49, 30.95 ], [ -81.47, 30.97 ], [ -81.45, 30.95 ], [ -81.47, 30.93 ], [ -81.49, 30.91 ], [ -81.52, 30.88 ], [ -81.49, 30.85 ], [ -81.54, 30.85 ], [ -81.52, 30.8 ], [ -81.5, 30.79 ], [ -81.49, 30.77 ], [ -81.5, 30.75 ], [ -81.5, 30.73 ], [ -81.53, 30.7 ], [ -81.56, 30.69 ], [ -81.49, 30.67 ], [ -81.5, 30.64 ], [ -81.49, 30.62 ], [ -81.5, 30.6 ], [ -81.52, 30.57 ], [ -81.51, 30.55 ], [ -81.48, 30.53 ], [ -81.48, 30.5 ], [ -81.47, 30.48 ], [ -81.46, 30.45 ], [ -81.47, 30.44 ], [ -81.46, 30.41 ], [ -81.47, 30.37 ], [ -81.45, 30.37 ], [ -81.44, 30.35 ], [ -81.44, 30.32 ], [ -81.43, 30.31 ], [ -81.42, 30.28 ], [ -81.43, 30.25 ], [ -81.41, 30.19 ], [ -81.4, 30.15 ], [ -81.39, 30.13 ], [ -81.37, 30.1 ], [ -81.38, 30.09 ], [ -81.37, 30.03 ], [ -81.33, 29.98 ], [ -81.34, 29.98 ], [ -81.31, 29.94 ], [ -81.32, 29.93 ], [ -81.3, 29.91 ], [ -81.31, 29.88 ], [ -81.32, 29.87 ], [ -81.3, 29.81 ], [ -81.24, 29.74 ], [ -81.24, 29.72 ], [ -81.22, 29.67 ], [ -81.24, 29.66 ], [ -81.22, 29.64 ], [ -81.22, 29.62 ], [ -81.21, 29.62 ], [ -81.19, 29.57 ], [ -81.15, 29.51 ], [ -81.14, 29.48 ], [ -81.12, 29.44 ], [ -81.1, 29.41 ], [ -81.11, 29.39 ], [ -81.08, 29.35 ], [ -81.05, 29.29 ], [ -81.03, 29.24 ], [ -80.99, 29.17 ], [ -80.98, 29.14 ], [ -80.91, 29.05 ], [ -80.92, 29.03 ], [ -80.92, 29.01 ], [ -80.87, 28.94 ], [ -80.86, 28.9 ], [ -80.84, 28.89 ], [ -80.81, 28.82 ], [ -80.77, 28.76 ], [ -80.76, 28.74 ], [ -80.79, 28.75 ], [ -80.79, 28.76 ], [ -80.85, 28.79 ], [ -80.84, 28.72 ], [ -80.83, 28.66 ], [ -80.82, 28.63 ], [ -80.8, 28.58 ], [ -80.8, 28.56 ], [ -80.78, 28.53 ], [ -80.78, 28.51 ], [ -80.76, 28.46 ], [ -80.76, 28.44 ], [ -80.75, 28.42 ], [ -80.73, 28.36 ], [ -80.73, 28.34 ], [ -80.68, 28.25 ], [ -80.67, 28.22 ], [ -80.65, 28.18 ], [ -80.62, 28.13 ], [ -80.62, 28.12 ], [ -80.59, 28.05 ], [ -80.58, 28.03 ], [ -80.56, 28.01 ], [ -80.54, 27.97 ], [ -80.52, 27.91 ], [ -80.49, 27.87 ], [ -80.47, 27.81 ], [ -80.44, 27.78 ], [ -80.44, 27.76 ], [ -80.4, 27.7 ], [ -80.38, 27.65 ], [ -80.37, 27.61 ], [ -80.36, 27.57 ], [ -80.36, 27.56 ], [ -80.33, 27.46 ], [ -80.3, 27.4 ], [ -80.28, 27.37 ], [ -80.26, 27.3 ], [ -80.25, 27.29 ], [ -80.22, 27.23 ], [ -80.23, 27.22 ], [ -80.27, 27.21 ], [ -80.26, 27.2 ], [ -80.23, 27.21 ], [ -80.21, 27.18 ], [ -80.18, 27.15 ], [ -80.15, 27.11 ], [ -80.15, 27.09 ], [ -80.13, 27.07 ], [ -80.13, 27.05 ], [ -80.1, 26.99 ], [ -80.08, 26.95 ], [ -80.11, 26.96 ], [ -80.08, 26.92 ], [ -80.08, 26.89 ], [ -80.07, 26.88 ], [ -80.08, 26.86 ], [ -80.06, 26.83 ], [ -80.05, 26.8 ], [ -80.06, 26.76 ], [ -80.05, 26.74 ], [ -80.05, 26.65 ], [ -80.05, 26.61 ], [ -80.05, 26.57 ], [ -80.06, 26.53 ], [ -80.06, 26.5 ], [ -80.07, 26.42 ], [ -80.08, 26.36 ], [ -80.09, 26.33 ], [ -80.1, 26.26 ], [ -80.11, 26.19 ], [ -80.12, 26.13 ], [ -80.12, 26.09 ], [ -80.13, 25.96 ], [ -80.14, 25.94 ], [ -80.13, 25.91 ], [ -80.17, 25.86 ], [ -80.18, 25.83 ], [ -80.18, 25.77 ], [ -80.19, 25.76 ], [ -80.24, 25.73 ], [ -80.25, 25.7 ], [ -80.26, 25.69 ], [ -80.28, 25.65 ], [ -80.3, 25.63 ], [ -80.31, 25.6 ], [ -80.3, 25.57 ], [ -80.31, 25.54 ], [ -80.32, 25.54 ], [ -80.34, 25.5 ], [ -80.32, 25.43 ], [ -80.33, 25.4 ], [ -80.3, 25.38 ], [ -80.34, 25.34 ], [ -80.36, 25.33 ], [ -80.37, 25.31 ], [ -80.39, 25.28 ], [ -80.42, 25.26 ], [ -80.43, 25.24 ], [ -80.41, 25.21 ], [ -80.42, 25.2 ], [ -80.43, 25.23 ], [ -80.46, 25.24 ], [ -80.47, 25.21 ], [ -80.5, 25.21 ], [ -80.5, 25.24 ], [ -80.53, 25.23 ], [ -80.57, 25.25 ], [ -80.56, 25.23 ], [ -80.54, 25.22 ], [ -80.56, 25.2 ], [ -80.58, 25.2 ], [ -80.61, 25.2 ], [ -80.65, 25.2 ], [ -80.65, 25.16 ], [ -80.68, 25.18 ], [ -80.71, 25.15 ], [ -80.75, 25.15 ], [ -80.76, 25.17 ], [ -80.79, 25.16 ], [ -80.8, 25.18 ], [ -80.82, 25.17 ], [ -80.85, 25.18 ], [ -80.86, 25.18 ], [ -80.88, 25.17 ], [ -80.9, 25.17 ], [ -80.91, 25.15 ], [ -80.94, 25.14 ], [ -80.98, 25.14 ], [ -81.01, 25.12 ], [ -81.04, 25.13 ], [ -81.09, 25.12 ], [ -81.12, 25.15 ], [ -81.14, 25.17 ], [ -81.15, 25.21 ], [ -81.17, 25.23 ], [ -81.16, 25.29 ], [ -81.14, 25.32 ], [ -81.12, 25.33 ], [ -81.07, 25.27 ], [ -81.07, 25.25 ], [ -81.04, 25.23 ], [ -81.02, 25.23 ], [ -81.0, 25.21 ], [ -80.96, 25.21 ], [ -80.95, 25.22 ], [ -80.93, 25.22 ], [ -80.91, 25.24 ], [ -80.91, 25.27 ], [ -80.94, 25.28 ], [ -80.96, 25.32 ], [ -80.98, 25.34 ], [ -81.0, 25.35 ], [ -81.02, 25.33 ], [ -81.05, 25.34 ], [ -81.06, 25.35 ], [ -81.09, 25.36 ], [ -81.1, 25.38 ], [ -81.15, 25.39 ], [ -81.15, 25.43 ], [ -81.17, 25.46 ], [ -81.17, 25.49 ], [ -81.19, 25.49 ], [ -81.21, 25.51 ], [ -81.21, 25.53 ], [ -81.19, 25.55 ], [ -81.14, 25.57 ], [ -81.09, 25.56 ], [ -81.03, 25.52 ], [ -81.04, 25.55 ], [ -81.07, 25.57 ], [ -81.11, 25.59 ], [ -81.12, 25.62 ], [ -81.14, 25.61 ], [ -81.15, 25.58 ], [ -81.17, 25.56 ], [ -81.2, 25.56 ], [ -81.23, 25.57 ], [ -81.22, 25.58 ], [ -81.24, 25.61 ], [ -81.25, 25.65 ], [ -81.27, 25.66 ], [ -81.26, 25.67 ], [ -81.28, 25.68 ], [ -81.27, 25.7 ], [ -81.22, 25.72 ], [ -81.21, 25.71 ], [ -81.2, 25.69 ], [ -81.18, 25.69 ], [ -81.2, 25.74 ], [ -81.23, 25.76 ], [ -81.26, 25.77 ], [ -81.26, 25.8 ], [ -81.29, 25.8 ], [ -81.32, 25.83 ], [ -81.36, 25.83 ], [ -81.38, 25.85 ], [ -81.43, 25.86 ], [ -81.45, 25.87 ], [ -81.46, 25.88 ], [ -81.47, 25.89 ], [ -81.5, 25.89 ], [ -81.51, 25.91 ], [ -81.53, 25.9 ], [ -81.55, 25.93 ], [ -81.6, 25.92 ], [ -81.62, 25.94 ], [ -81.64, 25.94 ], [ -81.66, 25.92 ], [ -81.68, 25.93 ], [ -81.7, 25.93 ], [ -81.73, 25.91 ], [ -81.75, 25.97 ], [ -81.73, 25.97 ], [ -81.7, 25.95 ], [ -81.67, 25.95 ], [ -81.66, 25.99 ], [ -81.67, 25.99 ], [ -81.71, 25.98 ], [ -81.72, 26.0 ], [ -81.74, 26.01 ], [ -81.71, 26.03 ], [ -81.75, 26.04 ], [ -81.75, 26.05 ], [ -81.78, 26.06 ], [ -81.78, 26.07 ], [ -81.81, 26.12 ], [ -81.82, 26.18 ], [ -81.82, 26.21 ], [ -81.83, 26.3 ], [ -81.84, 26.3 ], [ -81.85, 26.33 ], [ -81.84, 26.36 ], [ -81.85, 26.4 ], [ -81.85, 26.42 ], [ -81.87, 26.45 ], [ -81.88, 26.44 ], [ -81.92, 26.45 ], [ -81.94, 26.47 ], [ -81.99, 26.48 ], [ -82.01, 26.51 ], [ -82.0, 26.52 ], [ -81.98, 26.51 ], [ -81.94, 26.54 ], [ -81.93, 26.54 ], [ -81.92, 26.56 ], [ -81.9, 26.59 ], [ -81.89, 26.64 ], [ -81.88, 26.65 ], [ -81.84, 26.67 ], [ -81.85, 26.69 ], [ -81.89, 26.66 ], [ -81.92, 26.63 ], [ -81.91, 26.61 ], [ -81.93, 26.59 ], [ -81.95, 26.54 ], [ -81.99, 26.54 ], [ -82.04, 26.52 ], [ -82.04, 26.54 ], [ -82.06, 26.54 ], [ -82.07, 26.57 ], [ -82.05, 26.59 ], [ -82.06, 26.63 ], [ -82.08, 26.66 ], [ -82.08, 26.67 ], [ -82.09, 26.69 ], [ -82.08, 26.72 ], [ -82.07, 26.74 ], [ -82.07, 26.78 ], [ -82.06, 26.8 ], [ -82.05, 26.82 ], [ -82.06, 26.84 ], [ -82.05, 26.87 ], [ -82.09, 26.89 ], [ -82.1, 26.92 ], [ -82.09, 26.93 ], [ -82.04, 26.95 ], [ -82.0, 26.95 ], [ -81.99, 26.97 ], [ -82.0, 26.98 ], [ -81.97, 27.0 ], [ -81.99, 27.01 ], [ -82.0, 26.98 ], [ -82.02, 26.97 ], [ -82.05, 26.97 ], [ -82.06, 26.95 ], [ -82.1, 26.95 ], [ -82.17, 26.93 ], [ -82.19, 26.97 ], [ -82.21, 26.96 ], [ -82.19, 26.94 ], [ -82.17, 26.9 ], [ -82.17, 26.87 ], [ -82.15, 26.84 ], [ -82.15, 26.8 ], [ -82.17, 26.79 ], [ -82.17, 26.81 ], [ -82.2, 26.81 ], [ -82.25, 26.81 ], [ -82.27, 26.84 ], [ -82.29, 26.86 ], [ -82.32, 26.86 ], [ -82.31, 26.88 ], [ -82.35, 26.94 ], [ -82.36, 26.96 ], [ -82.38, 26.94 ], [ -82.4, 26.97 ], [ -82.41, 27.0 ], [ -82.45, 27.06 ], [ -82.46, 27.1 ], [ -82.47, 27.11 ], [ -82.5, 27.18 ], [ -82.51, 27.2 ], [ -82.5, 27.22 ], [ -82.52, 27.25 ], [ -82.53, 27.25 ], [ -82.57, 27.27 ], [ -82.57, 27.28 ], [ -82.56, 27.31 ], [ -82.54, 27.31 ], [ -82.53, 27.33 ], [ -82.55, 27.34 ], [ -82.55, 27.36 ], [ -82.56, 27.38 ], [ -82.58, 27.42 ], [ -82.63, 27.44 ], [ -82.65, 27.46 ], [ -82.64, 27.49 ], [ -82.66, 27.49 ], [ -82.68, 27.53 ], [ -82.65, 27.53 ], [ -82.61, 27.51 ], [ -82.59, 27.51 ], [ -82.53, 27.51 ], [ -82.52, 27.49 ], [ -82.49, 27.48 ], [ -82.48, 27.49 ], [ -82.51, 27.51 ], [ -82.51, 27.52 ], [ -82.58, 27.51 ], [ -82.6, 27.53 ], [ -82.57, 27.55 ], [ -82.57, 27.57 ], [ -82.61, 27.56 ], [ -82.61, 27.57 ], [ -82.57, 27.6 ], [ -82.55, 27.6 ], [ -82.56, 27.62 ], [ -82.54, 27.67 ], [ -82.51, 27.69 ], [ -82.47, 27.72 ], [ -82.47, 27.74 ], [ -82.45, 27.76 ], [ -82.43, 27.76 ], [ -82.42, 27.78 ], [ -82.4, 27.79 ], [ -82.4, 27.81 ], [ -82.38, 27.83 ], [ -82.4, 27.86 ], [ -82.4, 27.88 ], [ -82.41, 27.9 ], [ -82.4, 27.95 ], [ -82.42, 27.95 ], [ -82.44, 27.93 ], [ -82.46, 27.94 ], [ -82.49, 27.92 ], [ -82.48, 27.89 ], [ -82.48, 27.86 ], [ -82.46, 27.84 ], [ -82.47, 27.82 ], [ -82.5, 27.83 ], [ -82.54, 27.83 ], [ -82.55, 27.87 ], [ -82.53, 27.89 ], [ -82.53, 27.92 ], [ -82.52, 27.94 ], [ -82.54, 27.96 ], [ -82.55, 27.97 ], [ -82.62, 27.97 ], [ -82.6, 27.99 ], [ -82.62, 28.02 ], [ -82.64, 28.03 ], [ -82.68, 28.04 ], [ -82.67, 28.01 ], [ -82.7, 27.99 ], [ -82.7, 27.97 ], [ -82.64, 27.98 ], [ -82.64, 27.97 ], [ -82.72, 27.96 ], [ -82.73, 27.94 ], [ -82.7, 27.92 ], [ -82.65, 27.91 ], [ -82.64, 27.89 ], [ -82.62, 27.88 ], [ -82.59, 27.84 ], [ -82.61, 27.84 ], [ -82.62, 27.82 ], [ -82.61, 27.79 ], [ -82.63, 27.77 ], [ -82.63, 27.75 ], [ -82.64, 27.74 ], [ -82.64, 27.7 ], [ -82.66, 27.7 ], [ -82.67, 27.7 ], [ -82.69, 27.74 ], [ -82.71, 27.74 ], [ -82.74, 27.76 ], [ -82.74, 27.77 ], [ -82.76, 27.8 ], [ -82.77, 27.79 ], [ -82.74, 27.73 ], [ -82.74, 27.72 ], [ -82.77, 27.77 ], [ -82.83, 27.82 ], [ -82.85, 27.85 ], [ -82.86, 27.89 ], [ -82.83, 27.9 ], [ -82.83, 27.92 ], [ -82.81, 27.94 ], [ -82.81, 27.97 ], [ -82.79, 28.0 ], [ -82.79, 28.04 ], [ -82.78, 28.08 ], [ -82.79, 28.09 ], [ -82.78, 28.11 ], [ -82.79, 28.15 ], [ -82.77, 28.17 ], [ -82.79, 28.19 ], [ -82.77, 28.2 ], [ -82.75, 28.23 ], [ -82.74, 28.28 ], [ -82.73, 28.29 ], [ -82.74, 28.31 ], [ -82.73, 28.33 ], [ -82.71, 28.34 ], [ -82.72, 28.35 ], [ -82.7, 28.37 ], [ -82.71, 28.4 ], [ -82.7, 28.41 ], [ -82.67, 28.43 ], [ -82.66, 28.49 ], [ -82.67, 28.51 ], [ -82.66, 28.53 ], [ -82.65, 28.53 ], [ -82.64, 28.59 ], [ -82.66, 28.61 ], [ -82.64, 28.63 ], [ -82.64, 28.67 ], [ -82.63, 28.69 ], [ -82.65, 28.73 ], [ -82.64, 28.73 ], [ -82.64, 28.76 ], [ -82.66, 28.76 ], [ -82.67, 28.78 ], [ -82.67, 28.8 ], [ -82.69, 28.82 ], [ -82.66, 28.82 ], [ -82.64, 28.8 ], [ -82.63, 28.84 ], [ -82.63, 28.89 ], [ -82.65, 28.89 ], [ -82.68, 28.9 ], [ -82.68, 28.92 ], [ -82.71, 28.94 ], [ -82.73, 28.97 ], [ -82.73, 28.99 ], [ -82.76, 29.0 ], [ -82.76, 29.05 ], [ -82.75, 29.07 ], [ -82.78, 29.08 ], [ -82.77, 29.08 ], [ -82.79, 29.1 ], [ -82.78, 29.12 ], [ -82.8, 29.13 ], [ -82.81, 29.16 ], [ -82.84, 29.16 ], [ -82.86, 29.18 ], [ -82.88, 29.17 ], [ -82.92, 29.18 ], [ -82.97, 29.19 ], [ -83.01, 29.18 ], [ -83.04, 29.17 ], [ -83.07, 29.21 ], [ -83.07, 29.23 ], [ -83.06, 29.24 ], [ -83.07, 29.26 ], [ -83.13, 29.29 ], [ -83.16, 29.34 ], [ -83.19, 29.36 ], [ -83.21, 29.4 ], [ -83.21, 29.42 ], [ -83.27, 29.44 ], [ -83.29, 29.44 ], [ -83.31, 29.48 ], [ -83.33, 29.48 ], [ -83.34, 29.5 ], [ -83.38, 29.52 ], [ -83.4, 29.52 ], [ -83.39, 29.55 ], [ -83.41, 29.58 ], [ -83.4, 29.61 ], [ -83.4, 29.67 ], [ -83.44, 29.68 ], [ -83.48, 29.69 ], [ -83.49, 29.71 ], [ -83.54, 29.72 ], [ -83.57, 29.76 ], [ -83.58, 29.76 ], [ -83.58, 29.8 ], [ -83.59, 29.83 ], [ -83.62, 29.85 ], [ -83.62, 29.87 ], [ -83.65, 29.9 ], [ -83.69, 29.93 ], [ -83.75, 29.96 ], [ -83.78, 29.98 ], [ -83.82, 29.99 ], [ -83.83, 29.99 ], [ -83.84, 30.02 ], [ -83.87, 30.01 ], [ -83.93, 30.05 ], [ -83.96, 30.07 ], [ -83.97, 30.09 ], [ -84.0, 30.11 ], [ -84.03, 30.11 ], [ -84.09, 30.1 ], [ -84.14, 30.1 ], [ -84.14, 30.08 ], [ -84.16, 30.08 ], [ -84.18, 30.09 ], [ -84.21, 30.11 ], [ -84.25, 30.09 ], [ -84.27, 30.11 ], [ -84.28, 30.07 ], [ -84.33, 30.08 ], [ -84.35, 30.06 ], [ -84.37, 30.06 ], [ -84.38, 30.02 ], [ -84.36, 30.01 ], [ -84.35, 29.98 ], [ -84.38, 29.98 ], [ -84.4, 29.99 ], [ -84.42, 29.99 ], [ -84.44, 30.01 ], [ -84.44, 29.96 ], [ -84.41, 29.97 ], [ -84.38, 29.96 ], [ -84.34, 29.95 ], [ -84.33, 29.93 ], [ -84.34, 29.9 ], [ -84.37, 29.92 ], [ -84.46, 29.93 ], [ -84.49, 29.91 ], [ -84.5, 29.92 ], [ -84.54, 29.91 ], [ -84.64, 29.85 ], [ -84.71, 29.82 ], [ -84.74, 29.8 ], [ -84.79, 29.77 ], [ -84.83, 29.76 ], [ -84.85, 29.75 ], [ -84.89, 29.74 ], [ -84.88, 29.77 ], [ -84.87, 29.78 ], [ -84.88, 29.79 ], [ -84.92, 29.79 ], [ -84.92, 29.77 ], [ -84.94, 29.76 ], [ -84.97, 29.75 ], [ -84.98, 29.72 ], [ -85.04, 29.71 ], [ -85.07, 29.72 ], [ -85.08, 29.72 ], [ -85.21, 29.7 ], [ -85.24, 29.68 ], [ -85.28, 29.69 ], [ -85.32, 29.69 ], [ -85.36, 29.68 ], [ -85.39, 29.72 ], [ -85.41, 29.78 ], [ -85.42, 29.83 ], [ -85.41, 29.86 ], [ -85.39, 29.88 ], [ -85.41, 29.83 ], [ -85.39, 29.77 ], [ -85.39, 29.76 ], [ -85.39, 29.74 ], [ -85.38, 29.71 ], [ -85.36, 29.69 ], [ -85.31, 29.7 ], [ -85.31, 29.76 ], [ -85.3, 29.81 ], [ -85.32, 29.84 ], [ -85.34, 29.86 ], [ -85.36, 29.89 ], [ -85.39, 29.93 ], [ -85.43, 29.95 ], [ -85.47, 29.96 ], [ -85.52, 29.98 ], [ -85.5, 29.99 ], [ -85.53, 30.01 ], [ -85.54, 30.03 ], [ -85.56, 30.04 ], [ -85.59, 30.06 ], [ -85.61, 30.07 ], [ -85.62, 30.09 ], [ -85.64, 30.09 ], [ -85.65, 30.11 ], [ -85.68, 30.12 ], [ -85.68, 30.14 ], [ -85.65, 30.13 ], [ -85.63, 30.13 ], [ -85.62, 30.1 ], [ -85.6, 30.1 ], [ -85.57, 30.1 ], [ -85.54, 30.08 ], [ -85.54, 30.06 ], [ -85.51, 30.05 ], [ -85.51, 30.04 ], [ -85.48, 30.03 ], [ -85.44, 30.02 ], [ -85.42, 30.03 ], [ -85.44, 30.05 ], [ -85.48, 30.05 ], [ -85.49, 30.07 ], [ -85.48, 30.09 ], [ -85.52, 30.1 ], [ -85.51, 30.12 ], [ -85.53, 30.12 ], [ -85.56, 30.14 ], [ -85.57, 30.12 ], [ -85.59, 30.12 ], [ -85.62, 30.14 ], [ -85.64, 30.16 ], [ -85.7, 30.17 ], [ -85.72, 30.2 ], [ -85.7, 30.2 ], [ -85.7, 30.22 ], [ -85.68, 30.23 ], [ -85.68, 30.25 ], [ -85.64, 30.26 ], [ -85.61, 30.25 ], [ -85.58, 30.3 ], [ -85.6, 30.31 ], [ -85.6, 30.29 ], [ -85.65, 30.27 ], [ -85.66, 30.29 ], [ -85.68, 30.27 ], [ -85.7, 30.27 ], [ -85.72, 30.28 ], [ -85.75, 30.29 ], [ -85.75, 30.31 ], [ -85.76, 30.32 ], [ -85.77, 30.3 ], [ -85.81, 30.29 ], [ -85.84, 30.29 ], [ -85.85, 30.26 ], [ -85.84, 30.24 ], [ -85.82, 30.23 ], [ -85.8, 30.25 ], [ -85.77, 30.25 ], [ -85.74, 30.21 ], [ -85.75, 30.2 ], [ -85.74, 30.17 ], [ -85.71, 30.16 ], [ -85.71, 30.14 ], [ -85.73, 30.14 ], [ -85.77, 30.16 ], [ -85.87, 30.22 ], [ -85.9, 30.24 ], [ -85.97, 30.26 ], [ -86.04, 30.3 ], [ -86.13, 30.32 ], [ -86.26, 30.36 ], [ -86.39, 30.39 ], [ -86.42, 30.39 ], [ -86.48, 30.39 ], [ -86.5, 30.41 ], [ -86.46, 30.42 ], [ -86.36, 30.4 ], [ -86.3, 30.41 ], [ -86.27, 30.4 ], [ -86.23, 30.4 ], [ -86.23, 30.42 ], [ -86.26, 30.42 ], [ -86.24, 30.44 ], [ -86.22, 30.43 ], [ -86.2, 30.41 ], [ -86.16, 30.39 ], [ -86.14, 30.39 ], [ -86.12, 30.41 ], [ -86.13, 30.44 ], [ -86.15, 30.45 ], [ -86.16, 30.46 ], [ -86.19, 30.47 ], [ -86.22, 30.5 ], [ -86.23, 30.49 ], [ -86.27, 30.49 ], [ -86.3, 30.48 ], [ -86.32, 30.49 ], [ -86.38, 30.47 ], [ -86.4, 30.46 ], [ -86.42, 30.46 ], [ -86.44, 30.49 ], [ -86.48, 30.5 ], [ -86.48, 30.48 ], [ -86.49, 30.47 ], [ -86.53, 30.46 ], [ -86.55, 30.44 ], [ -86.59, 30.45 ], [ -86.59, 30.42 ], [ -86.68, 30.42 ], [ -86.72, 30.42 ], [ -86.74, 30.42 ], [ -86.77, 30.42 ], [ -86.8, 30.42 ], [ -86.85, 30.41 ], [ -86.9, 30.41 ], [ -87.05, 30.38 ], [ -87.07, 30.38 ], [ -87.12, 30.36 ], [ -87.14, 30.37 ], [ -87.19, 30.35 ], [ -87.21, 30.36 ], [ -87.18, 30.38 ], [ -87.15, 30.37 ], [ -87.14, 30.39 ], [ -87.09, 30.41 ], [ -87.03, 30.4 ], [ -87.0, 30.41 ], [ -86.93, 30.46 ], [ -86.96, 30.48 ], [ -86.99, 30.5 ], [ -87.02, 30.51 ], [ -87.0, 30.55 ], [ -86.99, 30.59 ], [ -87.01, 30.61 ], [ -87.03, 30.6 ], [ -87.01, 30.58 ], [ -87.02, 30.56 ], [ -87.03, 30.55 ], [ -87.04, 30.51 ], [ -87.06, 30.49 ], [ -87.07, 30.45 ], [ -87.09, 30.45 ], [ -87.09, 30.48 ], [ -87.1, 30.51 ], [ -87.1, 30.53 ], [ -87.13, 30.54 ], [ -87.15, 30.59 ], [ -87.18, 30.59 ], [ -87.17, 30.55 ], [ -87.18, 30.54 ], [ -87.15, 30.52 ], [ -87.15, 30.49 ], [ -87.15, 30.47 ], [ -87.18, 30.44 ], [ -87.19, 30.42 ], [ -87.23, 30.41 ], [ -87.26, 30.38 ], [ -87.26, 30.36 ], [ -87.3, 30.36 ], [ -87.32, 30.34 ], [ -87.34, 30.34 ], [ -87.38, 30.33 ], [ -87.36, 30.31 ], [ -87.5, 30.29 ], [ -87.51, 30.3 ], [ -87.46, 30.31 ], [ -87.41, 30.35 ], [ -87.4, 30.38 ], [ -87.42, 30.39 ], [ -87.41, 30.41 ], [ -87.36, 30.42 ], [ -87.34, 30.44 ], [ -87.36, 30.46 ], [ -87.37, 30.47 ], [ -87.37, 30.44 ], [ -87.39, 30.43 ], [ -87.42, 30.42 ], [ -87.43, 30.38 ], [ -87.44, 30.38 ], [ -87.45, 30.35 ], [ -87.48, 30.34 ], [ -87.5, 30.35 ], [ -87.52, 30.33 ], [ -87.54, 30.31 ], [ -87.58, 30.31 ], [ -87.59, 30.34 ], [ -87.6, 30.36 ], [ -87.61, 30.36 ], [ -87.59, 30.33 ], [ -87.6, 30.31 ], [ -87.57, 30.3 ], [ -87.56, 30.28 ], [ -87.6, 30.27 ], [ -87.65, 30.26 ], [ -87.68, 30.26 ], [ -87.79, 30.23 ], [ -87.85, 30.23 ], [ -87.91, 30.24 ], [ -87.98, 30.23 ], [ -88.03, 30.22 ], [ -88.02, 30.24 ], [ -87.98, 30.24 ], [ -87.95, 30.26 ], [ -87.93, 30.26 ], [ -87.91, 30.24 ], [ -87.86, 30.25 ], [ -87.83, 30.26 ], [ -87.78, 30.26 ], [ -87.77, 30.27 ], [ -87.75, 30.3 ], [ -87.78, 30.32 ], [ -87.82, 30.35 ], [ -87.84, 30.38 ], [ -87.82, 30.4 ], [ -87.83, 30.42 ], [ -87.87, 30.39 ], [ -87.91, 30.42 ], [ -87.92, 30.47 ], [ -87.94, 30.49 ], [ -87.91, 30.54 ], [ -87.9, 30.55 ], [ -87.91, 30.58 ], [ -87.92, 30.64 ], [ -87.94, 30.67 ], [ -87.93, 30.71 ], [ -87.93, 30.75 ], [ -87.92, 30.76 ], [ -87.92, 30.82 ], [ -87.93, 30.82 ], [ -87.94, 30.79 ], [ -87.93, 30.77 ], [ -87.94, 30.74 ], [ -87.94, 30.72 ], [ -87.95, 30.67 ], [ -87.96, 30.68 ], [ -88.0, 30.68 ], [ -87.99, 30.72 ], [ -87.98, 30.73 ], [ -87.99, 30.74 ], [ -87.98, 30.76 ], [ -87.99, 30.78 ], [ -88.01, 30.78 ], [ -88.02, 30.75 ], [ -88.0, 30.71 ], [ -88.0, 30.69 ], [ -88.03, 30.69 ], [ -88.04, 30.68 ], [ -88.06, 30.65 ], [ -88.06, 30.62 ], [ -88.07, 30.6 ], [ -88.09, 30.58 ], [ -88.09, 30.54 ], [ -88.1, 30.52 ], [ -88.1, 30.5 ], [ -88.1, 30.48 ], [ -88.11, 30.47 ], [ -88.1, 30.44 ], [ -88.11, 30.38 ], [ -88.12, 30.37 ], [ -88.13, 30.33 ], [ -88.14, 30.34 ], [ -88.19, 30.32 ], [ -88.2, 30.34 ], [ -88.18, 30.37 ], [ -88.21, 30.36 ], [ -88.24, 30.38 ], [ -88.3, 30.4 ], [ -88.32, 30.4 ], [ -88.33, 30.41 ], [ -88.36, 30.41 ], [ -88.39, 30.39 ], [ -88.41, 30.39 ], [ -88.4, 30.36 ], [ -88.43, 30.36 ], [ -88.44, 30.34 ], [ -88.46, 30.32 ], [ -88.48, 30.32 ], [ -88.5, 30.34 ], [ -88.55, 30.35 ], [ -88.57, 30.37 ], [ -88.59, 30.37 ], [ -88.65, 30.37 ], [ -88.68, 30.35 ], [ -88.73, 30.35 ], [ -88.76, 30.37 ], [ -88.75, 30.39 ], [ -88.79, 30.4 ], [ -88.83, 30.41 ], [ -88.83, 30.43 ], [ -88.85, 30.44 ], [ -88.87, 30.43 ], [ -88.92, 30.44 ], [ -88.93, 30.43 ], [ -88.97, 30.43 ], [ -88.98, 30.42 ], [ -88.89, 30.42 ], [ -88.85, 30.41 ], [ -88.84, 30.39 ], [ -88.88, 30.39 ], [ -88.91, 30.4 ], [ -88.98, 30.4 ], [ -89.07, 30.37 ], [ -89.12, 30.36 ], [ -89.17, 30.34 ], [ -89.19, 30.34 ], [ -89.23, 30.32 ], [ -89.28, 30.31 ], [ -89.28, 30.34 ], [ -89.26, 30.34 ], [ -89.28, 30.36 ], [ -89.31, 30.38 ], [ -89.34, 30.38 ], [ -89.35, 30.35 ], [ -89.32, 30.35 ], [ -89.31, 30.32 ], [ -89.33, 30.3 ], [ -89.37, 30.28 ], [ -89.41, 30.26 ], [ -89.41, 30.24 ], [ -89.44, 30.21 ], [ -89.46, 30.2 ], [ -89.52, 30.18 ], [ -89.55, 30.19 ], [ -89.57, 30.16 ], [ -89.6, 30.16 ], [ -89.57, 30.19 ], [ -89.61, 30.19 ], [ -89.6, 30.18 ], [ -89.66, 30.17 ], [ -89.67, 30.18 ], [ -89.7, 30.17 ], [ -89.73, 30.18 ], [ -89.72, 30.16 ], [ -89.75, 30.14 ], [ -89.75, 30.12 ], [ -89.73, 30.12 ], [ -89.72, 30.14 ], [ -89.7, 30.13 ], [ -89.68, 30.16 ], [ -89.64, 30.15 ], [ -89.64, 30.13 ], [ -89.67, 30.11 ], [ -89.68, 30.08 ], [ -89.71, 30.08 ], [ -89.72, 30.06 ], [ -89.72, 30.03 ], [ -89.76, 30.06 ], [ -89.77, 30.05 ], [ -89.82, 30.05 ], [ -89.85, 30.01 ], [ -89.84, 29.97 ], [ -89.83, 29.95 ], [ -89.78, 29.94 ], [ -89.75, 29.95 ], [ -89.72, 29.97 ], [ -89.7, 29.96 ], [ -89.73, 29.94 ], [ -89.73, 29.92 ], [ -89.71, 29.9 ], [ -89.67, 29.88 ], [ -89.63, 29.88 ], [ -89.59, 29.89 ], [ -89.59, 29.92 ], [ -89.57, 29.94 ], [ -89.57, 29.96 ], [ -89.56, 29.98 ], [ -89.57, 30.01 ], [ -89.55, 30.01 ], [ -89.5, 30.03 ], [ -89.46, 30.04 ], [ -89.44, 30.07 ], [ -89.42, 30.06 ], [ -89.45, 30.03 ], [ -89.44, 29.99 ], [ -89.47, 29.99 ], [ -89.46, 29.97 ], [ -89.44, 29.97 ], [ -89.41, 29.97 ], [ -89.37, 29.98 ], [ -89.38, 29.96 ], [ -89.42, 29.95 ], [ -89.43, 29.94 ], [ -89.43, 29.91 ], [ -89.44, 29.9 ], [ -89.43, 29.87 ], [ -89.41, 29.87 ], [ -89.36, 29.88 ], [ -89.37, 29.86 ], [ -89.4, 29.82 ], [ -89.36, 29.82 ], [ -89.4, 29.77 ], [ -89.43, 29.79 ], [ -89.43, 29.81 ], [ -89.46, 29.84 ], [ -89.51, 29.84 ], [ -89.53, 29.81 ], [ -89.49, 29.82 ], [ -89.51, 29.8 ], [ -89.52, 29.8 ], [ -89.52, 29.75 ], [ -89.55, 29.75 ], [ -89.57, 29.76 ], [ -89.61, 29.76 ], [ -89.6, 29.78 ], [ -89.63, 29.78 ], [ -89.64, 29.77 ], [ -89.64, 29.72 ], [ -89.61, 29.72 ], [ -89.57, 29.68 ], [ -89.58, 29.67 ], [ -89.61, 29.67 ], [ -89.63, 29.69 ], [ -89.66, 29.69 ], [ -89.67, 29.67 ], [ -89.64, 29.64 ], [ -89.68, 29.64 ], [ -89.68, 29.62 ], [ -89.71, 29.64 ], [ -89.72, 29.65 ], [ -89.76, 29.65 ], [ -89.72, 29.62 ], [ -89.73, 29.6 ], [ -89.76, 29.63 ], [ -89.78, 29.61 ], [ -89.74, 29.6 ], [ -89.72, 29.6 ], [ -89.68, 29.56 ], [ -89.67, 29.53 ], [ -89.64, 29.52 ], [ -89.59, 29.5 ], [ -89.55, 29.46 ], [ -89.55, 29.43 ], [ -89.56, 29.43 ], [ -89.55, 29.41 ], [ -89.52, 29.4 ], [ -89.5, 29.4 ], [ -89.46, 29.42 ], [ -89.45, 29.41 ], [ -89.37, 29.41 ], [ -89.35, 29.4 ], [ -89.38, 29.37 ], [ -89.34, 29.34 ], [ -89.33, 29.35 ], [ -89.29, 29.37 ], [ -89.26, 29.35 ], [ -89.25, 29.32 ], [ -89.22, 29.32 ], [ -89.22, 29.34 ], [ -89.2, 29.34 ], [ -89.16, 29.33 ], [ -89.14, 29.3 ], [ -89.11, 29.25 ], [ -89.12, 29.24 ], [ -89.09, 29.22 ], [ -89.05, 29.23 ], [ -89.03, 29.22 ], [ -89.06, 29.2 ], [ -89.07, 29.19 ], [ -89.07, 29.17 ], [ -89.1, 29.17 ], [ -89.1, 29.15 ], [ -89.08, 29.15 ], [ -89.07, 29.16 ], [ -89.03, 29.12 ], [ -89.05, 29.11 ], [ -89.05, 29.08 ], [ -89.07, 29.13 ], [ -89.09, 29.13 ], [ -89.1, 29.12 ], [ -89.1, 29.1 ], [ -89.12, 29.09 ], [ -89.15, 29.06 ], [ -89.16, 29.03 ], [ -89.19, 29.05 ], [ -89.21, 29.08 ], [ -89.23, 29.1 ], [ -89.24, 29.12 ], [ -89.25, 29.11 ], [ -89.24, 29.08 ], [ -89.3, 29.05 ], [ -89.32, 29.03 ], [ -89.32, 29.01 ], [ -89.35, 28.98 ], [ -89.37, 28.97 ], [ -89.39, 28.94 ], [ -89.4, 28.97 ], [ -89.39, 28.98 ], [ -89.37, 29.0 ], [ -89.35, 29.03 ], [ -89.32, 29.04 ], [ -89.33, 29.06 ], [ -89.29, 29.1 ], [ -89.29, 29.12 ], [ -89.26, 29.16 ], [ -89.29, 29.16 ], [ -89.31, 29.18 ], [ -89.33, 29.17 ], [ -89.32, 29.15 ], [ -89.32, 29.13 ], [ -89.34, 29.09 ], [ -89.36, 29.09 ], [ -89.37, 29.1 ], [ -89.4, 29.09 ], [ -89.41, 29.15 ], [ -89.42, 29.15 ], [ -89.48, 29.24 ], [ -89.51, 29.25 ], [ -89.56, 29.26 ], [ -89.61, 29.27 ], [ -89.61, 29.3 ], [ -89.63, 29.3 ], [ -89.64, 29.31 ], [ -89.62, 29.33 ], [ -89.65, 29.33 ], [ -89.68, 29.31 ], [ -89.69, 29.31 ], [ -89.76, 29.32 ], [ -89.82, 29.32 ], [ -89.76, 29.36 ], [ -89.75, 29.38 ], [ -89.78, 29.39 ], [ -89.79, 29.41 ], [ -89.78, 29.42 ], [ -89.81, 29.42 ], [ -89.84, 29.44 ], [ -89.83, 29.46 ], [ -89.81, 29.47 ], [ -89.86, 29.49 ], [ -89.89, 29.48 ], [ -89.91, 29.48 ], [ -89.91, 29.52 ], [ -89.95, 29.47 ], [ -89.97, 29.47 ], [ -89.96, 29.5 ], [ -89.98, 29.51 ], [ -89.99, 29.53 ], [ -90.01, 29.52 ], [ -89.99, 29.49 ], [ -90.06, 29.52 ], [ -90.08, 29.55 ], [ -90.1, 29.54 ], [ -90.11, 29.55 ], [ -90.15, 29.56 ], [ -90.17, 29.58 ], [ -90.19, 29.58 ], [ -90.22, 29.55 ], [ -90.2, 29.54 ], [ -90.18, 29.54 ], [ -90.17, 29.53 ], [ -90.21, 29.53 ], [ -90.21, 29.52 ], [ -90.19, 29.52 ], [ -90.17, 29.49 ], [ -90.15, 29.49 ], [ -90.12, 29.47 ], [ -90.09, 29.47 ], [ -90.08, 29.46 ], [ -90.05, 29.47 ], [ -90.04, 29.45 ], [ -90.05, 29.43 ], [ -90.05, 29.39 ], [ -90.03, 29.39 ], [ -90.04, 29.36 ], [ -90.06, 29.35 ], [ -90.05, 29.32 ], [ -90.06, 29.31 ], [ -90.08, 29.32 ], [ -90.09, 29.35 ], [ -90.12, 29.32 ], [ -90.09, 29.25 ], [ -90.09, 29.22 ], [ -90.04, 29.22 ], [ -90.08, 29.17 ], [ -90.11, 29.15 ], [ -90.16, 29.13 ], [ -90.18, 29.11 ], [ -90.23, 29.1 ], [ -90.23, 29.12 ], [ -90.23, 29.14 ], [ -90.26, 29.17 ], [ -90.26, 29.21 ], [ -90.25, 29.23 ], [ -90.25, 29.26 ], [ -90.28, 29.28 ], [ -90.28, 29.26 ], [ -90.27, 29.24 ], [ -90.28, 29.23 ], [ -90.29, 29.27 ], [ -90.34, 29.29 ], [ -90.35, 29.32 ], [ -90.39, 29.26 ], [ -90.4, 29.3 ], [ -90.4, 29.32 ], [ -90.43, 29.33 ], [ -90.42, 29.35 ], [ -90.44, 29.36 ], [ -90.46, 29.36 ], [ -90.44, 29.33 ], [ -90.48, 29.29 ], [ -90.49, 29.3 ], [ -90.48, 29.35 ], [ -90.52, 29.36 ], [ -90.52, 29.31 ], [ -90.55, 29.29 ], [ -90.59, 29.32 ], [ -90.59, 29.3 ], [ -90.57, 29.29 ], [ -90.58, 29.26 ], [ -90.6, 29.24 ], [ -90.64, 29.24 ], [ -90.64, 29.26 ], [ -90.67, 29.27 ], [ -90.64, 29.22 ], [ -90.64, 29.18 ], [ -90.67, 29.16 ], [ -90.67, 29.14 ], [ -90.7, 29.13 ], [ -90.71, 29.14 ], [ -90.74, 29.13 ], [ -90.75, 29.14 ], [ -90.77, 29.11 ], [ -90.79, 29.15 ], [ -90.82, 29.18 ], [ -90.84, 29.15 ], [ -90.86, 29.15 ], [ -90.87, 29.13 ], [ -90.89, 29.13 ], [ -90.89, 29.15 ], [ -90.91, 29.15 ], [ -90.93, 29.17 ], [ -90.91, 29.21 ], [ -90.83, 29.23 ], [ -90.81, 29.23 ], [ -90.81, 29.25 ], [ -90.86, 29.26 ], [ -90.89, 29.27 ], [ -90.9, 29.31 ], [ -90.92, 29.31 ], [ -90.92, 29.33 ], [ -90.93, 29.35 ], [ -90.95, 29.35 ], [ -91.04, 29.32 ], [ -91.05, 29.34 ], [ -91.03, 29.34 ], [ -91.03, 29.36 ], [ -91.06, 29.37 ], [ -91.08, 29.36 ], [ -91.09, 29.35 ], [ -91.09, 29.31 ], [ -91.12, 29.32 ], [ -91.13, 29.35 ], [ -91.15, 29.37 ], [ -91.19, 29.38 ], [ -91.2, 29.4 ], [ -91.22, 29.41 ], [ -91.21, 29.43 ], [ -91.22, 29.44 ], [ -91.25, 29.46 ], [ -91.26, 29.5 ], [ -91.25, 29.53 ], [ -91.26, 29.56 ], [ -91.28, 29.54 ], [ -91.27, 29.52 ], [ -91.34, 29.5 ], [ -91.35, 29.52 ], [ -91.42, 29.53 ], [ -91.41, 29.55 ], [ -91.4, 29.57 ], [ -91.41, 29.58 ], [ -91.4, 29.61 ], [ -91.39, 29.64 ], [ -91.41, 29.63 ], [ -91.43, 29.58 ], [ -91.42, 29.56 ], [ -91.43, 29.55 ], [ -91.46, 29.55 ], [ -91.54, 29.53 ], [ -91.52, 29.55 ], [ -91.53, 29.58 ], [ -91.53, 29.6 ], [ -91.56, 29.65 ], [ -91.61, 29.64 ], [ -91.64, 29.65 ], [ -91.62, 29.67 ], [ -91.62, 29.69 ], [ -91.61, 29.72 ], [ -91.63, 29.75 ], [ -91.68, 29.75 ], [ -91.71, 29.74 ], [ -91.74, 29.76 ], [ -91.77, 29.75 ], [ -91.82, 29.73 ], [ -91.84, 29.72 ], [ -91.87, 29.73 ], [ -91.85, 29.75 ], [ -91.88, 29.75 ], [ -91.88, 29.77 ], [ -91.84, 29.81 ], [ -91.82, 29.79 ], [ -91.82, 29.82 ], [ -91.83, 29.84 ], [ -91.86, 29.83 ], [ -91.89, 29.84 ], [ -91.91, 29.83 ], [ -91.93, 29.82 ], [ -91.96, 29.84 ], [ -91.98, 29.83 ], [ -91.97, 29.81 ], [ -92.01, 29.8 ], [ -92.07, 29.77 ], [ -92.13, 29.73 ], [ -92.12, 29.76 ], [ -92.16, 29.77 ], [ -92.18, 29.76 ], [ -92.2, 29.76 ], [ -92.19, 29.74 ], [ -92.15, 29.71 ], [ -92.1, 29.71 ], [ -92.1, 29.7 ], [ -92.13, 29.68 ], [ -92.13, 29.67 ], [ -92.11, 29.63 ], [ -92.05, 29.64 ], [ -92.06, 29.61 ], [ -92.04, 29.6 ], [ -92.12, 29.6 ], [ -92.19, 29.58 ], [ -92.22, 29.57 ], [ -92.24, 29.55 ], [ -92.3, 29.54 ], [ -92.4, 29.56 ], [ -92.42, 29.56 ], [ -92.46, 29.57 ], [ -92.48, 29.57 ], [ -92.52, 29.58 ], [ -92.61, 29.59 ], [ -92.66, 29.6 ], [ -92.76, 29.63 ], [ -92.81, 29.65 ], [ -92.85, 29.67 ], [ -92.89, 29.69 ], [ -92.97, 29.72 ], [ -93.01, 29.73 ], [ -93.12, 29.77 ], [ -93.16, 29.78 ], [ -93.23, 29.79 ], [ -93.26, 29.79 ], [ -93.34, 29.77 ], [ -93.41, 29.78 ], [ -93.48, 29.78 ], [ -93.58, 29.77 ], [ -93.62, 29.77 ], [ -93.72, 29.76 ], [ -93.74, 29.75 ], [ -93.8, 29.73 ], [ -93.83, 29.71 ], [ -93.85, 29.72 ], [ -93.85, 29.74 ], [ -93.89, 29.78 ], [ -93.9, 29.81 ], [ -93.85, 29.83 ], [ -93.8, 29.85 ], [ -93.78, 29.87 ], [ -93.75, 29.96 ], [ -93.75, 29.98 ], [ -93.81, 29.99 ], [ -93.82, 29.99 ], [ -93.85, 29.98 ], [ -93.86, 29.96 ], [ -93.87, 29.93 ], [ -93.9, 29.9 ], [ -93.91, 29.88 ], [ -93.94, 29.85 ], [ -93.95, 29.82 ], [ -93.94, 29.78 ], [ -93.91, 29.77 ], [ -93.9, 29.74 ], [ -93.88, 29.73 ], [ -93.84, 29.69 ], [ -93.83, 29.67 ], [ -93.87, 29.67 ], [ -93.93, 29.68 ], [ -93.98, 29.68 ], [ -94.03, 29.68 ], [ -94.07, 29.67 ], [ -94.14, 29.64 ], [ -94.25, 29.6 ], [ -94.36, 29.56 ], [ -94.52, 29.5 ], [ -94.55, 29.48 ], [ -94.64, 29.45 ], [ -94.68, 29.43 ], [ -94.76, 29.37 ], [ -94.79, 29.37 ], [ -94.68, 29.46 ], [ -94.62, 29.48 ], [ -94.57, 29.53 ], [ -94.54, 29.52 ], [ -94.5, 29.52 ], [ -94.48, 29.56 ], [ -94.51, 29.55 ], [ -94.53, 29.55 ], [ -94.55, 29.58 ], [ -94.57, 29.58 ], [ -94.61, 29.57 ], [ -94.72, 29.55 ], [ -94.74, 29.54 ], [ -94.78, 29.54 ], [ -94.78, 29.55 ], [ -94.74, 29.58 ], [ -94.71, 29.63 ], [ -94.7, 29.71 ], [ -94.71, 29.77 ], [ -94.73, 29.77 ], [ -94.73, 29.79 ], [ -94.76, 29.79 ], [ -94.83, 29.76 ], [ -94.85, 29.73 ], [ -94.87, 29.68 ], [ -94.9, 29.66 ], [ -94.93, 29.67 ], [ -94.93, 29.68 ], [ -94.95, 29.7 ], [ -95.01, 29.71 ], [ -95.02, 29.73 ], [ -95.04, 29.75 ], [ -95.05, 29.77 ], [ -95.09, 29.78 ], [ -95.06, 29.75 ], [ -95.06, 29.72 ], [ -95.03, 29.7 ], [ -95.03, 29.69 ], [ -94.99, 29.68 ], [ -95.01, 29.66 ], [ -95.01, 29.63 ], [ -94.99, 29.62 ], [ -94.99, 29.59 ], [ -95.01, 29.58 ], [ -95.01, 29.55 ], [ -95.0, 29.53 ], [ -94.97, 29.52 ], [ -94.92, 29.5 ], [ -94.91, 29.49 ], [ -94.96, 29.47 ], [ -94.92, 29.44 ], [ -94.9, 29.44 ], [ -94.89, 29.43 ], [ -94.89, 29.38 ], [ -94.89, 29.32 ], [ -94.91, 29.31 ], [ -94.95, 29.31 ], [ -94.96, 29.29 ], [ -94.98, 29.27 ], [ -95.01, 29.27 ], [ -95.0, 29.25 ], [ -95.02, 29.24 ], [ -95.03, 29.21 ], [ -95.11, 29.17 ], [ -95.12, 29.19 ], [ -95.14, 29.2 ], [ -95.15, 29.18 ], [ -95.15, 29.16 ], [ -95.16, 29.12 ], [ -95.14, 29.08 ], [ -95.16, 29.08 ], [ -95.17, 29.11 ], [ -95.18, 29.12 ], [ -95.21, 29.11 ], [ -95.23, 29.09 ], [ -95.25, 29.1 ], [ -95.26, 29.09 ], [ -95.24, 29.07 ], [ -95.22, 29.08 ], [ -95.21, 29.1 ], [ -95.2, 29.1 ], [ -95.19, 29.07 ], [ -95.22, 29.05 ], [ -95.25, 28.98 ], [ -95.28, 28.96 ], [ -95.3, 28.93 ], [ -95.35, 28.9 ], [ -95.37, 28.88 ], [ -95.39, 28.89 ], [ -95.45, 28.85 ], [ -95.46, 28.84 ], [ -95.52, 28.81 ], [ -95.66, 28.74 ], [ -95.67, 28.75 ], [ -95.72, 28.73 ], [ -95.75, 28.73 ], [ -95.79, 28.74 ], [ -95.83, 28.72 ], [ -95.94, 28.69 ], [ -95.95, 28.68 ], [ -95.94, 28.66 ], [ -95.96, 28.65 ], [ -95.96, 28.62 ], [ -95.94, 28.63 ], [ -95.87, 28.65 ], [ -95.84, 28.66 ], [ -95.84, 28.67 ], [ -95.8, 28.68 ], [ -95.74, 28.71 ], [ -95.72, 28.7 ], [ -95.79, 28.67 ], [ -95.85, 28.64 ], [ -96.07, 28.55 ], [ -96.21, 28.49 ], [ -96.22, 28.5 ], [ -96.15, 28.53 ], [ -96.11, 28.55 ], [ -96.03, 28.58 ], [ -96.0, 28.59 ], [ -95.98, 28.61 ], [ -95.99, 28.63 ], [ -96.03, 28.64 ], [ -96.06, 28.64 ], [ -96.07, 28.63 ], [ -96.11, 28.61 ], [ -96.15, 28.6 ], [ -96.18, 28.59 ], [ -96.23, 28.57 ], [ -96.24, 28.59 ], [ -96.21, 28.59 ], [ -96.16, 28.61 ], [ -96.19, 28.61 ], [ -96.21, 28.61 ], [ -96.22, 28.62 ], [ -96.22, 28.66 ], [ -96.19, 28.68 ], [ -96.19, 28.7 ], [ -96.21, 28.72 ], [ -96.21, 28.69 ], [ -96.23, 28.69 ], [ -96.26, 28.67 ], [ -96.28, 28.66 ], [ -96.3, 28.67 ], [ -96.3, 28.64 ], [ -96.34, 28.63 ], [ -96.36, 28.65 ], [ -96.39, 28.66 ], [ -96.4, 28.67 ], [ -96.39, 28.7 ], [ -96.39, 28.73 ], [ -96.44, 28.73 ], [ -96.44, 28.7 ], [ -96.42, 28.7 ], [ -96.41, 28.69 ], [ -96.42, 28.67 ], [ -96.41, 28.66 ], [ -96.42, 28.64 ], [ -96.39, 28.63 ], [ -96.4, 28.61 ], [ -96.42, 28.59 ], [ -96.48, 28.56 ], [ -96.44, 28.6 ], [ -96.44, 28.62 ], [ -96.46, 28.63 ], [ -96.48, 28.6 ], [ -96.51, 28.61 ], [ -96.5, 28.62 ], [ -96.51, 28.63 ], [ -96.56, 28.65 ], [ -96.57, 28.69 ], [ -96.57, 28.71 ], [ -96.58, 28.73 ], [ -96.6, 28.72 ], [ -96.64, 28.71 ], [ -96.66, 28.68 ], [ -96.62, 28.64 ], [ -96.61, 28.59 ], [ -96.57, 28.57 ], [ -96.54, 28.55 ], [ -96.52, 28.55 ], [ -96.5, 28.52 ], [ -96.5, 28.5 ], [ -96.52, 28.48 ], [ -96.56, 28.49 ], [ -96.56, 28.47 ], [ -96.53, 28.47 ], [ -96.48, 28.49 ], [ -96.48, 28.5 ], [ -96.44, 28.47 ], [ -96.43, 28.45 ], [ -96.4, 28.44 ], [ -96.53, 28.38 ], [ -96.64, 28.32 ], [ -96.66, 28.34 ], [ -96.69, 28.32 ], [ -96.7, 28.34 ], [ -96.7, 28.37 ], [ -96.7, 28.4 ], [ -96.74, 28.4 ], [ -96.75, 28.44 ], [ -96.78, 28.46 ], [ -96.8, 28.48 ], [ -96.82, 28.46 ], [ -96.81, 28.45 ], [ -96.79, 28.45 ], [ -96.76, 28.42 ], [ -96.77, 28.4 ], [ -96.79, 28.39 ], [ -96.81, 28.42 ], [ -96.84, 28.42 ], [ -96.86, 28.41 ], [ -96.84, 28.39 ], [ -96.79, 28.35 ], [ -96.78, 28.31 ], [ -96.8, 28.29 ], [ -96.78, 28.25 ], [ -96.78, 28.23 ], [ -96.81, 28.21 ], [ -96.84, 28.19 ], [ -96.88, 28.16 ], [ -96.88, 28.14 ], [ -96.94, 28.12 ], [ -96.95, 28.11 ], [ -96.92, 28.16 ], [ -96.91, 28.19 ], [ -96.93, 28.21 ], [ -96.91, 28.25 ], [ -96.94, 28.24 ], [ -96.95, 28.22 ], [ -96.94, 28.19 ], [ -96.96, 28.16 ], [ -96.97, 28.14 ], [ -96.98, 28.12 ], [ -97.02, 28.13 ], [ -97.02, 28.16 ], [ -97.01, 28.19 ], [ -97.01, 28.2 ], [ -97.04, 28.2 ], [ -97.03, 28.18 ], [ -97.08, 28.16 ], [ -97.12, 28.13 ], [ -97.14, 28.16 ], [ -97.17, 28.16 ], [ -97.18, 28.14 ], [ -97.16, 28.12 ], [ -97.19, 28.1 ], [ -97.21, 28.07 ], [ -97.16, 28.05 ], [ -97.17, 28.04 ], [ -97.15, 28.02 ], [ -97.12, 28.02 ], [ -97.13, 28.04 ], [ -97.11, 28.06 ], [ -97.08, 28.08 ], [ -97.06, 28.08 ], [ -97.03, 28.11 ], [ -97.02, 28.09 ], [ -97.03, 28.08 ], [ -97.02, 28.03 ], [ -97.05, 28.0 ], [ -97.06, 27.97 ], [ -97.08, 27.97 ], [ -97.09, 27.95 ], [ -97.12, 27.91 ], [ -97.14, 27.9 ], [ -97.14, 27.88 ], [ -97.18, 27.85 ], [ -97.18, 27.83 ], [ -97.21, 27.81 ], [ -97.22, 27.84 ], [ -97.23, 27.84 ], [ -97.25, 27.87 ], [ -97.3, 27.87 ], [ -97.35, 27.84 ], [ -97.36, 27.85 ], [ -97.36, 27.87 ], [ -97.45, 27.86 ], [ -97.48, 27.86 ], [ -97.5, 27.88 ], [ -97.51, 27.87 ], [ -97.52, 27.85 ], [ -97.5, 27.85 ], [ -97.49, 27.82 ], [ -97.45, 27.83 ], [ -97.41, 27.82 ], [ -97.39, 27.83 ], [ -97.38, 27.82 ], [ -97.39, 27.8 ], [ -97.39, 27.77 ], [ -97.34, 27.71 ], [ -97.34, 27.7 ], [ -97.32, 27.69 ], [ -97.33, 27.67 ], [ -97.35, 27.66 ], [ -97.35, 27.64 ], [ -97.32, 27.66 ], [ -97.31, 27.69 ], [ -97.31, 27.71 ], [ -97.27, 27.7 ], [ -97.26, 27.68 ], [ -97.3, 27.62 ], [ -97.31, 27.59 ], [ -97.33, 27.57 ], [ -97.34, 27.53 ], [ -97.35, 27.52 ], [ -97.35, 27.48 ], [ -97.38, 27.44 ], [ -97.38, 27.41 ], [ -97.41, 27.35 ], [ -97.41, 27.33 ], [ -97.48, 27.3 ], [ -97.5, 27.32 ], [ -97.48, 27.33 ], [ -97.49, 27.35 ], [ -97.49, 27.38 ], [ -97.48, 27.39 ], [ -97.49, 27.46 ], [ -97.52, 27.42 ], [ -97.49, 27.4 ], [ -97.51, 27.37 ], [ -97.55, 27.33 ], [ -97.58, 27.34 ], [ -97.58, 27.31 ], [ -97.61, 27.29 ], [ -97.64, 27.3 ], [ -97.64, 27.32 ], [ -97.67, 27.34 ], [ -97.7, 27.39 ], [ -97.73, 27.41 ], [ -97.72, 27.38 ], [ -97.7, 27.36 ], [ -97.69, 27.32 ], [ -97.66, 27.31 ], [ -97.67, 27.29 ], [ -97.65, 27.28 ], [ -97.64, 27.25 ], [ -97.61, 27.25 ], [ -97.59, 27.25 ], [ -97.55, 27.23 ], [ -97.54, 27.24 ], [ -97.5, 27.24 ], [ -97.49, 27.26 ], [ -97.46, 27.27 ], [ -97.43, 27.27 ], [ -97.43, 27.22 ], [ -97.44, 27.2 ], [ -97.46, 27.15 ], [ -97.45, 27.14 ], [ -97.45, 27.12 ], [ -97.46, 27.1 ], [ -97.49, 27.1 ], [ -97.5, 27.08 ], [ -97.48, 27.06 ], [ -97.5, 27.04 ], [ -97.48, 27.02 ], [ -97.48, 27.0 ], [ -97.53, 27.0 ], [ -97.55, 27.0 ], [ -97.57, 26.96 ], [ -97.56, 26.93 ], [ -97.54, 26.89 ], [ -97.53, 26.88 ], [ -97.52, 26.9 ], [ -97.48, 26.86 ], [ -97.5, 26.84 ], [ -97.55, 26.89 ], [ -97.56, 26.82 ], [ -97.52, 26.8 ], [ -97.5, 26.8 ], [ -97.48, 26.75 ], [ -97.48, 26.69 ], [ -97.46, 26.64 ], [ -97.46, 26.62 ], [ -97.44, 26.58 ], [ -97.42, 26.56 ], [ -97.44, 26.53 ], [ -97.45, 26.49 ], [ -97.47, 26.48 ], [ -97.5, 26.5 ], [ -97.5, 26.49 ], [ -97.48, 26.47 ], [ -97.48, 26.44 ], [ -97.46, 26.45 ], [ -97.44, 26.44 ], [ -97.46, 26.42 ], [ -97.42, 26.41 ], [ -97.43, 26.39 ], [ -97.4, 26.38 ], [ -97.41, 26.36 ], [ -97.37, 26.36 ], [ -97.38, 26.34 ], [ -97.35, 26.33 ], [ -97.37, 26.31 ], [ -97.37, 26.26 ], [ -97.34, 26.26 ], [ -97.32, 26.25 ], [ -97.33, 26.24 ], [ -97.35, 26.24 ], [ -97.36, 26.2 ], [ -97.33, 26.21 ], [ -97.32, 26.21 ], [ -97.32, 26.18 ], [ -97.33, 26.16 ], [ -97.32, 26.13 ], [ -97.3, 26.1 ], [ -97.26, 26.09 ], [ -97.23, 26.08 ], [ -97.22, 26.06 ], [ -97.26, 26.06 ], [ -97.25, 26.04 ], [ -97.28, 26.02 ], [ -97.26, 26.0 ], [ -97.27, 25.97 ], [ -97.22, 25.99 ], [ -97.19, 26.01 ], [ -97.19, 26.05 ], [ -97.17, 26.04 ], [ -97.17, 25.98 ], [ -97.17, 25.95 ], [ -97.2, 25.97 ], [ -97.21, 25.96 ], [ -97.25, 25.96 ], [ -97.27, 25.96 ], [ -97.31, 25.96 ], [ -97.3, 25.94 ], [ -97.34, 25.94 ], [ -97.35, 25.93 ], [ -97.37, 25.93 ], [ -97.38, 25.9 ], [ -97.37, 25.88 ], [ -97.39, 25.85 ], [ -97.42, 25.85 ], [ -97.43, 25.85 ], [ -97.46, 25.86 ], [ -97.48, 25.89 ], [ -97.51, 25.88 ], [ -97.53, 25.89 ], [ -97.56, 25.94 ], [ -97.59, 25.93 ], [ -97.59, 25.94 ], [ -97.61, 25.96 ], [ -97.63, 25.99 ], [ -97.66, 26.01 ], [ -97.66, 26.03 ], [ -97.72, 26.03 ], [ -97.75, 26.03 ], [ -97.8, 26.04 ], [ -97.81, 26.06 ], [ -97.84, 26.05 ], [ -97.89, 26.07 ], [ -97.93, 26.06 ], [ -97.94, 26.06 ], [ -97.98, 26.06 ], [ -97.98, 26.07 ], [ -98.02, 26.06 ], [ -98.04, 26.06 ], [ -98.04, 26.05 ], [ -98.07, 26.04 ], [ -98.08, 26.06 ], [ -98.1, 26.06 ], [ -98.14, 26.07 ], [ -98.15, 26.05 ], [ -98.17, 26.07 ], [ -98.2, 26.06 ], [ -98.23, 26.07 ], [ -98.25, 26.07 ], [ -98.3, 26.1 ], [ -98.28, 26.11 ], [ -98.3, 26.13 ], [ -98.31, 26.11 ], [ -98.33, 26.11 ], [ -98.35, 26.16 ], [ -98.38, 26.16 ], [ -98.4, 26.17 ], [ -98.44, 26.2 ], [ -98.46, 26.22 ], [ -98.49, 26.22 ], [ -98.49, 26.2 ], [ -98.53, 26.23 ], [ -98.6, 26.24 ], [ -98.6, 26.26 ], [ -98.64, 26.26 ], [ -98.67, 26.24 ], [ -98.69, 26.25 ], [ -98.7, 26.27 ], [ -98.72, 26.27 ], [ -98.72, 26.29 ], [ -98.75, 26.3 ], [ -98.77, 26.33 ], [ -98.8, 26.33 ], [ -98.81, 26.34 ], [ -98.81, 26.37 ], [ -98.83, 26.38 ], [ -98.85, 26.37 ], [ -98.89, 26.37 ], [ -98.92, 26.38 ], [ -98.97, 26.38 ], [ -98.99, 26.41 ], [ -99.03, 26.41 ], [ -99.07, 26.4 ], [ -99.09, 26.42 ], [ -99.11, 26.42 ], [ -99.12, 26.44 ], [ -99.1, 26.48 ], [ -99.11, 26.5 ], [ -99.13, 26.53 ], [ -99.17, 26.55 ], [ -99.17, 26.58 ], [ -99.18, 26.6 ], [ -99.18, 26.63 ], [ -99.19, 26.64 ], [ -99.21, 26.7 ], [ -99.22, 26.74 ], [ -99.25, 26.76 ], [ -99.26, 26.79 ], [ -99.28, 26.82 ], [ -99.29, 26.86 ], [ -99.32, 26.87 ], [ -99.33, 26.88 ], [ -99.33, 26.91 ], [ -99.35, 26.93 ], [ -99.39, 26.95 ], [ -99.39, 26.96 ], [ -99.39, 26.98 ], [ -99.39, 27.0 ], [ -99.42, 27.02 ], [ -99.46, 27.03 ], [ -99.46, 27.07 ], [ -99.44, 27.1 ], [ -99.45, 27.12 ], [ -99.44, 27.14 ], [ -99.45, 27.16 ], [ -99.44, 27.2 ], [ -99.45, 27.23 ], [ -99.45, 27.25 ], [ -99.47, 27.27 ], [ -99.49, 27.27 ], [ -99.5, 27.28 ], [ -99.51, 27.31 ], [ -99.53, 27.31 ], [ -99.54, 27.33 ], [ -99.52, 27.34 ], [ -99.52, 27.37 ], [ -99.5, 27.4 ], [ -99.5, 27.45 ], [ -99.49, 27.48 ], [ -99.5, 27.5 ], [ -99.53, 27.5 ], [ -99.52, 27.57 ], [ -99.56, 27.62 ], [ -99.58, 27.61 ], [ -99.6, 27.63 ], [ -99.6, 27.65 ], [ -99.63, 27.65 ], [ -99.64, 27.63 ], [ -99.67, 27.64 ], [ -99.67, 27.66 ], [ -99.7, 27.67 ], [ -99.71, 27.66 ], [ -99.74, 27.7 ], [ -99.77, 27.73 ], [ -99.8, 27.74 ], [ -99.82, 27.78 ], [ -99.85, 27.78 ], [ -99.86, 27.79 ], [ -99.88, 27.8 ], [ -99.88, 27.84 ], [ -99.91, 27.88 ], [ -99.9, 27.9 ], [ -99.9, 27.91 ], [ -99.92, 27.92 ], [ -99.95, 27.96 ], [ -99.94, 27.99 ], [ -99.97, 27.99 ], [ -99.99, 28.0 ], [ -100.01, 28.02 ], [ -100.02, 28.06 ], [ -100.06, 28.09 ], [ -100.1, 28.15 ], [ -100.13, 28.17 ], [ -100.17, 28.18 ], [ -100.19, 28.2 ], [ -100.21, 28.2 ], [ -100.22, 28.24 ], [ -100.28, 28.25 ], [ -100.3, 28.28 ], [ -100.29, 28.31 ], [ -100.3, 28.34 ], [ -100.35, 28.4 ], [ -100.35, 28.43 ], [ -100.35, 28.46 ], [ -100.37, 28.47 ], [ -100.37, 28.49 ], [ -100.35, 28.49 ], [ -100.35, 28.51 ], [ -100.39, 28.52 ], [ -100.42, 28.54 ], [ -100.42, 28.56 ], [ -100.4, 28.58 ], [ -100.4, 28.59 ], [ -100.43, 28.6 ], [ -100.46, 28.63 ], [ -100.45, 28.64 ], [ -100.5, 28.66 ], [ -100.51, 28.7 ], [ -100.51, 28.74 ], [ -100.54, 28.78 ], [ -100.54, 28.8 ], [ -100.55, 28.83 ], [ -100.58, 28.84 ], [ -100.58, 28.86 ], [ -100.6, 28.88 ], [ -100.6, 28.9 ], [ -100.64, 28.91 ], [ -100.66, 28.96 ], [ -100.66, 29.0 ], [ -100.67, 29.04 ], [ -100.66, 29.07 ], [ -100.69, 29.11 ], [ -100.71, 29.12 ], [ -100.75, 29.16 ], [ -100.77, 29.17 ], [ -100.77, 29.2 ], [ -100.78, 29.22 ], [ -100.79, 29.23 ], [ -100.8, 29.25 ], [ -100.82, 29.26 ], [ -100.84, 29.27 ], [ -100.88, 29.28 ], [ -100.89, 29.31 ], [ -100.91, 29.32 ], [ -100.97, 29.36 ], [ -101.0, 29.37 ], [ -101.04, 29.41 ], [ -101.06, 29.44 ], [ -101.07, 29.47 ], [ -101.11, 29.48 ], [ -101.13, 29.48 ], [ -101.16, 29.49 ], [ -101.17, 29.51 ], [ -101.19, 29.52 ], [ -101.24, 29.53 ], [ -101.26, 29.53 ], [ -101.26, 29.55 ], [ -101.25, 29.57 ], [ -101.26, 29.61 ], [ -101.25, 29.63 ], [ -101.27, 29.63 ], [ -101.28, 29.59 ], [ -101.31, 29.58 ], [ -101.32, 29.61 ], [ -101.31, 29.65 ], [ -101.32, 29.66 ], [ -101.35, 29.66 ], [ -101.36, 29.65 ], [ -101.38, 29.68 ], [ -101.38, 29.7 ], [ -101.4, 29.72 ], [ -101.4, 29.74 ], [ -101.42, 29.75 ], [ -101.43, 29.76 ], [ -101.46, 29.77 ], [ -101.47, 29.79 ], [ -101.5, 29.77 ], [ -101.54, 29.77 ], [ -101.54, 29.81 ], [ -101.57, 29.8 ], [ -101.58, 29.77 ], [ -101.62, 29.77 ], [ -101.64, 29.76 ], [ -101.66, 29.77 ], [ -101.71, 29.77 ], [ -101.74, 29.77 ], [ -101.76, 29.79 ], [ -101.78, 29.79 ], [ -101.81, 29.78 ], [ -101.82, 29.8 ], [ -101.86, 29.8 ], [ -101.91, 29.8 ], [ -101.92, 29.79 ], [ -101.94, 29.8 ], [ -101.96, 29.8 ], [ -101.96, 29.82 ], [ -102.01, 29.81 ], [ -102.04, 29.8 ], [ -102.04, 29.79 ], [ -102.06, 29.78 ], [ -102.09, 29.79 ], [ -102.15, 29.8 ], [ -102.19, 29.85 ], [ -102.2, 29.84 ], [ -102.24, 29.86 ], [ -102.29, 29.88 ], [ -102.32, 29.88 ], [ -102.33, 29.87 ], [ -102.35, 29.87 ], [ -102.37, 29.85 ], [ -102.39, 29.77 ], [ -102.43, 29.78 ], [ -102.45, 29.77 ], [ -102.47, 29.79 ], [ -102.52, 29.78 ], [ -102.52, 29.76 ], [ -102.56, 29.75 ], [ -102.57, 29.78 ], [ -102.59, 29.75 ], [ -102.62, 29.75 ], [ -102.64, 29.73 ], [ -102.69, 29.72 ], [ -102.71, 29.67 ], [ -102.74, 29.64 ], [ -102.75, 29.6 ], [ -102.76, 29.6 ], [ -102.78, 29.55 ], [ -102.8, 29.55 ], [ -102.81, 29.52 ], [ -102.81, 29.49 ], [ -102.82, 29.47 ], [ -102.83, 29.43 ], [ -102.82, 29.42 ], [ -102.83, 29.39 ], [ -102.85, 29.38 ], [ -102.85, 29.36 ], [ -102.88, 29.36 ], [ -102.89, 29.32 ], [ -102.89, 29.3 ], [ -102.91, 29.27 ], [ -102.87, 29.25 ], [ -102.87, 29.23 ], [ -102.88, 29.22 ], [ -102.91, 29.22 ], [ -102.92, 29.21 ], [ -102.94, 29.21 ], [ -102.95, 29.19 ], [ -102.97, 29.2 ], [ -102.99, 29.19 ], [ -103.02, 29.14 ], [ -103.04, 29.12 ], [ -103.04, 29.11 ], [ -103.08, 29.1 ], [ -103.08, 29.08 ], [ -103.1, 29.07 ], [ -103.1, 29.03 ], [ -103.12, 29.02 ], [ -103.13, 29.0 ], [ -103.14, 29.0 ], [ -103.15, 28.98 ], [ -103.18, 28.99 ], [ -103.23, 29.0 ], [ -103.25, 28.99 ], [ -103.27, 29.01 ], [ -103.32, 29.02 ], [ -103.31, 29.03 ], [ -103.34, 29.05 ], [ -103.37, 29.03 ], [ -103.4, 29.04 ], [ -103.45, 29.07 ], [ -103.47, 29.07 ], [ -103.48, 29.1 ], [ -103.51, 29.13 ], [ -103.53, 29.15 ], [ -103.55, 29.15 ], [ -103.56, 29.16 ], [ -103.6, 29.16 ], [ -103.62, 29.17 ], [ -103.65, 29.16 ], [ -103.66, 29.18 ], [ -103.72, 29.19 ], [ -103.74, 29.22 ], [ -103.74, 29.23 ], [ -103.77, 29.23 ], [ -103.78, 29.23 ], [ -103.77, 29.28 ], [ -103.78, 29.28 ], [ -103.79, 29.26 ], [ -103.81, 29.28 ], [ -103.83, 29.28 ], [ -103.89, 29.28 ], [ -103.92, 29.3 ], [ -103.97, 29.3 ], [ -104.06, 29.34 ], [ -104.1, 29.37 ], [ -104.12, 29.37 ], [ -104.16, 29.4 ], [ -104.18, 29.44 ], [ -104.21, 29.46 ], [ -104.2, 29.48 ], [ -104.28, 29.52 ], [ -104.3, 29.52 ], [ -104.31, 29.54 ], [ -104.33, 29.53 ], [ -104.35, 29.55 ], [ -104.38, 29.55 ], [ -104.39, 29.57 ], [ -104.41, 29.57 ], [ -104.45, 29.6 ], [ -104.46, 29.62 ], [ -104.48, 29.64 ], [ -104.5, 29.64 ], [ -104.54, 29.68 ], [ -104.53, 29.69 ], [ -104.57, 29.78 ], [ -104.58, 29.81 ], [ -104.61, 29.83 ], [ -104.6, 29.84 ], [ -104.63, 29.88 ], [ -104.67, 29.9 ], [ -104.68, 29.93 ], [ -104.67, 29.96 ], [ -104.68, 30.0 ], [ -104.69, 30.03 ], [ -104.69, 30.04 ], [ -104.7, 30.06 ], [ -104.68, 30.09 ], [ -104.69, 30.13 ], [ -104.67, 30.15 ], [ -104.69, 30.19 ], [ -104.7, 30.22 ], [ -104.7, 30.24 ], [ -104.74, 30.27 ], [ -104.76, 30.28 ], [ -104.76, 30.3 ], [ -104.79, 30.33 ], [ -104.81, 30.35 ], [ -104.81, 30.38 ], [ -104.84, 30.38 ], [ -104.85, 30.39 ], [ -104.85, 30.44 ], [ -104.87, 30.46 ], [ -104.86, 30.49 ], [ -104.88, 30.52 ], [ -104.87, 30.54 ], [ -104.89, 30.55 ], [ -104.89, 30.57 ], [ -104.91, 30.58 ], [ -104.92, 30.6 ], [ -104.94, 30.61 ], [ -104.96, 30.61 ], [ -104.98, 30.63 ], [ -104.99, 30.67 ], [ -105.01, 30.69 ], [ -105.02, 30.68 ], [ -105.08, 30.71 ], [ -105.12, 30.75 ], [ -105.16, 30.76 ], [ -105.18, 30.77 ], [ -105.21, 30.8 ], [ -105.24, 30.81 ], [ -105.26, 30.8 ], [ -105.29, 30.83 ], [ -105.3, 30.83 ], [ -105.36, 30.85 ], [ -105.39, 30.85 ], [ -105.39, 30.88 ], [ -105.41, 30.9 ], [ -105.43, 30.91 ], [ -105.45, 30.93 ], [ -105.48, 30.94 ], [ -105.49, 30.96 ], [ -105.51, 30.97 ], [ -105.55, 30.99 ], [ -105.57, 31.02 ], [ -105.58, 31.05 ], [ -105.6, 31.09 ], [ -105.63, 31.1 ], [ -105.67, 31.13 ], [ -105.71, 31.14 ], [ -105.74, 31.16 ], [ -105.76, 31.16 ], [ -105.78, 31.18 ], [ -105.79, 31.2 ], [ -105.84, 31.25 ], [ -105.86, 31.28 ], [ -105.88, 31.3 ], [ -105.9, 31.3 ], [ -105.92, 31.32 ], [ -105.94, 31.32 ], [ -105.96, 31.37 ], [ -105.98, 31.38 ], [ -106.0, 31.39 ], [ -106.06, 31.4 ], [ -106.09, 31.41 ], [ -106.12, 31.43 ], [ -106.16, 31.45 ], [ -106.18, 31.47 ], [ -106.21, 31.48 ], [ -106.24, 31.55 ], [ -106.28, 31.57 ], [ -106.29, 31.61 ], [ -106.31, 31.63 ], [ -106.33, 31.66 ], [ -106.35, 31.7 ], [ -106.37, 31.71 ], [ -106.38, 31.73 ], [ -106.41, 31.74 ], [ -106.43, 31.77 ], [ -106.46, 31.77 ], [ -106.48, 31.75 ], [ -106.49, 31.75 ], [ -106.53, 31.79 ], [ -107.0, 31.79 ], [ -107.28, 31.78 ], [ -107.42, 31.79 ], [ -107.68, 31.79 ], [ -108.21, 31.79 ], [ -108.21, 31.48 ], [ -108.21, 31.34 ], [ -108.58, 31.34 ], [ -108.83, 31.34 ], [ -109.2, 31.34 ], [ -109.48, 31.34 ], [ -109.57, 31.34 ], [ -109.63, 31.33 ], [ -109.74, 31.34 ], [ -110.0, 31.33 ], [ -110.3, 31.34 ], [ -110.45, 31.34 ], [ -110.62, 31.34 ], [ -110.8, 31.34 ], [ -111.07, 31.34 ], [ -111.09, 31.34 ], [ -111.16, 31.36 ], [ -111.37, 31.43 ], [ -111.49, 31.47 ], [ -111.72, 31.55 ], [ -111.98, 31.62 ], [ -112.44, 31.77 ], [ -112.69, 31.84 ], [ -113.15, 31.98 ], [ -113.33, 32.03 ], [ -113.47, 32.08 ], [ -113.66, 32.14 ], [ -113.78, 32.17 ], [ -113.95, 32.22 ], [ -114.19, 32.29 ], [ -114.3, 32.33 ], [ -114.36, 32.35 ], [ -114.71, 32.45 ], [ -114.82, 32.49 ], [ -114.8, 32.52 ], [ -114.8, 32.56 ], [ -114.81, 32.61 ], [ -114.8, 32.62 ], [ -114.77, 32.63 ], [ -114.75, 32.67 ], [ -114.72, 32.72 ], [ -114.93, 32.7 ], [ -116.11, 32.62 ], [ -116.57, 32.58 ], [ -116.79, 32.56 ], [ -117.12, 32.54 ], [ -117.13, 32.54 ], [ -117.14, 32.57 ], [ -117.14, 32.6 ], [ -117.15, 32.64 ], [ -117.18, 32.67 ], [ -117.2, 32.69 ], [ -117.22, 32.69 ], [ -117.22, 32.7 ], [ -117.2, 32.72 ], [ -117.17, 32.69 ], [ -117.12, 32.63 ], [ -117.12, 32.6 ], [ -117.1, 32.6 ], [ -117.11, 32.65 ], [ -117.13, 32.69 ], [ -117.17, 32.7 ], [ -117.2, 32.74 ], [ -117.22, 32.73 ], [ -117.24, 32.7 ], [ -117.25, 32.7 ], [ -117.25, 32.75 ], [ -117.22, 32.78 ], [ -117.26, 32.8 ], [ -117.28, 32.83 ], [ -117.28, 32.85 ], [ -117.25, 32.86 ], [ -117.25, 32.88 ], [ -117.27, 32.96 ], [ -117.29, 33.03 ], [ -117.33, 33.11 ], [ -117.36, 33.16 ], [ -117.38, 33.19 ], [ -117.41, 33.23 ], [ -117.42, 33.24 ], [ -117.47, 33.29 ], [ -117.51, 33.34 ], [ -117.56, 33.37 ], [ -117.6, 33.4 ], [ -117.61, 33.42 ], [ -117.68, 33.46 ], [ -117.71, 33.47 ], [ -117.78, 33.54 ], [ -117.82, 33.55 ], [ -117.87, 33.59 ], [ -117.89, 33.62 ], [ -117.94, 33.62 ], [ -117.99, 33.64 ], [ -118.0, 33.66 ], [ -118.07, 33.72 ], [ -118.09, 33.74 ], [ -118.16, 33.76 ], [ -118.21, 33.76 ], [ -118.23, 33.77 ], [ -118.27, 33.77 ], [ -118.27, 33.72 ], [ -118.29, 33.7 ], [ -118.34, 33.72 ], [ -118.36, 33.73 ], [ -118.39, 33.73 ], [ -118.41, 33.74 ], [ -118.43, 33.78 ], [ -118.41, 33.8 ], [ -118.39, 33.81 ], [ -118.4, 33.85 ], [ -118.43, 33.93 ], [ -118.44, 33.95 ], [ -118.48, 33.99 ], [ -118.5, 34.02 ], [ -118.54, 34.04 ], [ -118.64, 34.03 ], [ -118.68, 34.03 ], [ -118.75, 34.03 ], [ -118.79, 34.02 ], [ -118.81, 34.0 ], [ -118.84, 34.02 ], [ -118.87, 34.03 ], [ -118.94, 34.04 ], [ -119.04, 34.08 ], [ -119.06, 34.08 ], [ -119.09, 34.11 ], [ -119.11, 34.09 ], [ -119.14, 34.11 ], [ -119.19, 34.13 ], [ -119.2, 34.15 ], [ -119.22, 34.15 ], [ -119.23, 34.17 ], [ -119.26, 34.22 ], [ -119.25, 34.23 ], [ -119.2, 34.23 ], [ -119.2, 34.24 ], [ -119.26, 34.24 ], [ -119.26, 34.26 ], [ -119.29, 34.28 ], [ -119.32, 34.28 ], [ -119.36, 34.31 ], [ -119.39, 34.32 ], [ -119.4, 34.33 ], [ -119.48, 34.38 ], [ -119.51, 34.38 ], [ -119.55, 34.41 ], [ -119.61, 34.42 ], [ -119.68, 34.41 ], [ -119.7, 34.4 ], [ -119.72, 34.4 ], [ -119.77, 34.41 ], [ -119.82, 34.42 ], [ -119.84, 34.41 ], [ -119.87, 34.4 ], [ -119.89, 34.42 ], [ -119.93, 34.43 ], [ -119.95, 34.43 ], [ -120.0, 34.46 ], [ -120.03, 34.46 ], [ -120.08, 34.46 ], [ -120.1, 34.47 ], [ -120.14, 34.47 ], [ -120.16, 34.47 ], [ -120.25, 34.47 ], [ -120.3, 34.47 ], [ -120.32, 34.46 ], [ -120.37, 34.45 ], [ -120.41, 34.46 ], [ -120.46, 34.44 ], [ -120.47, 34.47 ], [ -120.5, 34.49 ], [ -120.51, 34.52 ], [ -120.56, 34.55 ], [ -120.59, 34.56 ], [ -120.62, 34.55 ], [ -120.64, 34.57 ], [ -120.64, 34.6 ], [ -120.63, 34.63 ], [ -120.62, 34.65 ], [ -120.6, 34.7 ], [ -120.6, 34.72 ], [ -120.62, 34.74 ], [ -120.63, 34.77 ], [ -120.61, 34.83 ], [ -120.61, 34.86 ], [ -120.64, 34.89 ], [ -120.66, 34.9 ], [ -120.64, 34.97 ], [ -120.63, 35.01 ], [ -120.62, 35.07 ], [ -120.62, 35.1 ], [ -120.64, 35.14 ], [ -120.67, 35.16 ], [ -120.69, 35.17 ], [ -120.73, 35.18 ], [ -120.75, 35.15 ], [ -120.78, 35.17 ], [ -120.84, 35.2 ], [ -120.86, 35.21 ], [ -120.88, 35.25 ], [ -120.86, 35.31 ], [ -120.83, 35.32 ], [ -120.82, 35.34 ], [ -120.84, 35.36 ], [ -120.86, 35.4 ], [ -120.88, 35.43 ], [ -120.93, 35.44 ], [ -120.96, 35.45 ], [ -120.99, 35.46 ], [ -121.05, 35.5 ], [ -121.08, 35.54 ], [ -121.12, 35.6 ], [ -121.15, 35.63 ], [ -121.16, 35.64 ], [ -121.23, 35.65 ], [ -121.27, 35.66 ], [ -121.28, 35.69 ], [ -121.3, 35.7 ], [ -121.31, 35.72 ], [ -121.3, 35.75 ], [ -121.32, 35.78 ], [ -121.39, 35.83 ], [ -121.41, 35.86 ], [ -121.46, 35.89 ], [ -121.48, 35.97 ], [ -121.5, 36.0 ], [ -121.53, 36.01 ], [ -121.57, 36.02 ], [ -121.59, 36.06 ], [ -121.62, 36.08 ], [ -121.63, 36.12 ], [ -121.67, 36.16 ], [ -121.7, 36.17 ], [ -121.72, 36.2 ], [ -121.74, 36.2 ], [ -121.8, 36.24 ], [ -121.83, 36.25 ], [ -121.84, 36.27 ], [ -121.89, 36.3 ], [ -121.9, 36.31 ], [ -121.89, 36.34 ], [ -121.91, 36.36 ], [ -121.91, 36.39 ], [ -121.91, 36.42 ], [ -121.94, 36.48 ], [ -121.92, 36.5 ], [ -121.93, 36.52 ], [ -121.91, 36.53 ], [ -121.9, 36.54 ], [ -121.92, 36.56 ], [ -121.95, 36.58 ], [ -121.93, 36.61 ], [ -121.91, 36.64 ], [ -121.85, 36.61 ], [ -121.81, 36.65 ], [ -121.79, 36.7 ], [ -121.79, 36.73 ], [ -121.77, 36.73 ], [ -121.76, 36.75 ], [ -121.78, 36.75 ], [ -121.77, 36.81 ], [ -121.78, 36.83 ], [ -121.81, 36.88 ], [ -121.84, 36.92 ], [ -121.87, 36.96 ], [ -121.91, 36.97 ], [ -121.95, 36.95 ], [ -121.99, 36.96 ], [ -122.01, 36.95 ], [ -122.06, 36.95 ], [ -122.13, 36.98 ], [ -122.17, 37.0 ], [ -122.2, 37.03 ], [ -122.24, 37.08 ], [ -122.27, 37.11 ], [ -122.31, 37.11 ], [ -122.32, 37.14 ], [ -122.35, 37.17 ], [ -122.39, 37.19 ], [ -122.41, 37.24 ], [ -122.4, 37.26 ], [ -122.39, 37.32 ], [ -122.39, 37.35 ], [ -122.41, 37.4 ], [ -122.43, 37.45 ], [ -122.45, 37.49 ], [ -122.47, 37.5 ], [ -122.49, 37.5 ], [ -122.51, 37.54 ], [ -122.5, 37.56 ], [ -122.51, 37.59 ], [ -122.49, 37.61 ], [ -122.48, 37.64 ], [ -122.5, 37.73 ], [ -122.5, 37.78 ], [ -122.47, 37.79 ], [ -122.46, 37.81 ], [ -122.43, 37.8 ], [ -122.4, 37.81 ], [ -122.38, 37.8 ], [ -122.37, 37.78 ], [ -122.37, 37.74 ], [ -122.35, 37.73 ], [ -122.37, 37.71 ], [ -122.36, 37.7 ], [ -122.38, 37.65 ], [ -122.36, 37.61 ], [ -122.33, 37.59 ], [ -122.31, 37.59 ], [ -122.29, 37.57 ], [ -122.25, 37.58 ], [ -122.24, 37.55 ], [ -122.19, 37.53 ], [ -122.14, 37.5 ], [ -122.12, 37.5 ], [ -122.11, 37.47 ], [ -122.08, 37.45 ], [ -122.03, 37.45 ], [ -122.02, 37.47 ], [ -122.04, 37.47 ], [ -122.05, 37.49 ], [ -122.07, 37.5 ], [ -122.09, 37.5 ], [ -122.12, 37.55 ], [ -122.13, 37.58 ], [ -122.14, 37.65 ], [ -122.15, 37.67 ], [ -122.2, 37.71 ], [ -122.22, 37.71 ], [ -122.23, 37.73 ], [ -122.22, 37.75 ], [ -122.28, 37.77 ], [ -122.31, 37.78 ], [ -122.31, 37.82 ], [ -122.3, 37.83 ], [ -122.3, 37.87 ], [ -122.32, 37.91 ], [ -122.35, 37.9 ], [ -122.4, 37.94 ], [ -122.38, 37.97 ], [ -122.36, 37.98 ], [ -122.36, 38.0 ], [ -122.29, 38.01 ], [ -122.26, 38.05 ], [ -122.23, 38.06 ], [ -122.18, 38.05 ], [ -122.14, 38.03 ], [ -122.13, 38.03 ], [ -122.09, 38.04 ], [ -122.01, 38.06 ], [ -121.96, 38.05 ], [ -121.93, 38.05 ], [ -121.87, 38.03 ], [ -121.76, 38.02 ], [ -121.74, 38.02 ], [ -121.71, 38.01 ], [ -121.69, 38.02 ], [ -121.68, 38.04 ], [ -121.66, 38.05 ], [ -121.66, 38.08 ], [ -121.65, 38.09 ], [ -121.63, 38.08 ], [ -121.61, 38.09 ], [ -121.57, 38.09 ], [ -121.57, 38.07 ], [ -121.51, 38.05 ], [ -121.47, 38.02 ], [ -121.46, 38.03 ], [ -121.52, 38.06 ], [ -121.55, 38.06 ], [ -121.55, 38.1 ], [ -121.6, 38.11 ], [ -121.63, 38.09 ], [ -121.65, 38.1 ], [ -121.67, 38.09 ], [ -121.67, 38.06 ], [ -121.71, 38.04 ], [ -121.75, 38.04 ], [ -121.77, 38.04 ], [ -121.77, 38.06 ], [ -121.73, 38.08 ], [ -121.71, 38.08 ], [ -121.69, 38.11 ], [ -121.71, 38.12 ], [ -121.72, 38.09 ], [ -121.78, 38.07 ], [ -121.81, 38.07 ], [ -121.83, 38.08 ], [ -121.86, 38.08 ], [ -121.88, 38.06 ], [ -121.91, 38.05 ], [ -121.91, 38.08 ], [ -121.97, 38.08 ], [ -122.0, 38.09 ], [ -121.97, 38.12 ], [ -121.99, 38.14 ], [ -122.05, 38.14 ], [ -122.06, 38.12 ], [ -122.06, 38.1 ], [ -122.1, 38.07 ], [ -122.12, 38.04 ], [ -122.15, 38.05 ], [ -122.18, 38.06 ], [ -122.23, 38.07 ], [ -122.26, 38.11 ], [ -122.27, 38.1 ], [ -122.32, 38.13 ], [ -122.34, 38.13 ], [ -122.4, 38.16 ], [ -122.4, 38.14 ], [ -122.43, 38.11 ], [ -122.5, 38.11 ], [ -122.47, 38.09 ], [ -122.49, 38.02 ], [ -122.45, 38.0 ], [ -122.46, 37.98 ], [ -122.48, 37.96 ], [ -122.49, 37.93 ], [ -122.46, 37.9 ], [ -122.44, 37.89 ], [ -122.43, 37.88 ], [ -122.45, 37.87 ], [ -122.47, 37.89 ], [ -122.49, 37.88 ], [ -122.47, 37.86 ], [ -122.46, 37.83 ], [ -122.48, 37.82 ], [ -122.51, 37.82 ], [ -122.55, 37.85 ], [ -122.61, 37.88 ], [ -122.64, 37.9 ], [ -122.65, 37.92 ], [ -122.68, 37.89 ], [ -122.71, 37.9 ], [ -122.72, 37.93 ], [ -122.77, 37.95 ], [ -122.78, 37.97 ], [ -122.82, 38.01 ], [ -122.89, 38.03 ], [ -122.92, 38.05 ], [ -122.97, 38.01 ], [ -122.96, 37.99 ], [ -123.01, 38.0 ], [ -122.98, 38.03 ], [ -122.97, 38.07 ], [ -122.94, 38.14 ], [ -122.94, 38.16 ], [ -122.95, 38.2 ], [ -122.94, 38.21 ], [ -122.9, 38.16 ], [ -122.87, 38.12 ], [ -122.85, 38.13 ], [ -122.91, 38.19 ], [ -122.92, 38.22 ], [ -122.94, 38.22 ], [ -122.96, 38.23 ], [ -122.96, 38.26 ], [ -123.0, 38.3 ], [ -123.05, 38.31 ], [ -123.06, 38.32 ], [ -123.06, 38.35 ], [ -123.09, 38.4 ], [ -123.12, 38.43 ], [ -123.12, 38.45 ], [ -123.14, 38.46 ], [ -123.18, 38.48 ], [ -123.24, 38.5 ], [ -123.3, 38.55 ], [ -123.33, 38.56 ], [ -123.33, 38.58 ], [ -123.36, 38.6 ], [ -123.36, 38.61 ], [ -123.4, 38.64 ], [ -123.42, 38.67 ], [ -123.45, 38.71 ], [ -123.51, 38.74 ], [ -123.57, 38.8 ], [ -123.59, 38.8 ], [ -123.63, 38.83 ], [ -123.7, 38.91 ], [ -123.72, 38.92 ], [ -123.73, 38.95 ], [ -123.7, 38.97 ], [ -123.68, 39.02 ], [ -123.68, 39.04 ], [ -123.71, 39.14 ], [ -123.72, 39.14 ], [ -123.73, 39.17 ], [ -123.76, 39.2 ], [ -123.77, 39.24 ], [ -123.79, 39.28 ], [ -123.78, 39.3 ], [ -123.81, 39.35 ], [ -123.81, 39.41 ], [ -123.8, 39.42 ], [ -123.8, 39.44 ], [ -123.79, 39.49 ], [ -123.78, 39.49 ], [ -123.75, 39.55 ], [ -123.78, 39.6 ], [ -123.78, 39.66 ], [ -123.78, 39.69 ], [ -123.81, 39.73 ], [ -123.83, 39.77 ], [ -123.83, 39.81 ], [ -123.84, 39.83 ], [ -123.89, 39.86 ], [ -123.91, 39.91 ], [ -123.94, 39.92 ], [ -123.95, 39.94 ], [ -124.03, 40.02 ], [ -124.06, 40.02 ], [ -124.07, 40.08 ], [ -124.09, 40.1 ], [ -124.15, 40.13 ], [ -124.17, 40.13 ], [ -124.21, 40.17 ], [ -124.23, 40.17 ], [ -124.26, 40.2 ], [ -124.28, 40.21 ], [ -124.31, 40.24 ], [ -124.34, 40.25 ], [ -124.34, 40.28 ], [ -124.33, 40.31 ], [ -124.33, 40.33 ], [ -124.35, 40.36 ], [ -124.36, 40.39 ], [ -124.39, 40.42 ], [ -124.39, 40.45 ], [ -124.37, 40.48 ], [ -124.37, 40.51 ], [ -124.35, 40.55 ], [ -124.27, 40.68 ], [ -124.26, 40.71 ], [ -124.23, 40.75 ], [ -124.22, 40.75 ], [ -124.25, 40.71 ], [ -124.25, 40.7 ], [ -124.22, 40.69 ], [ -124.2, 40.7 ], [ -124.21, 40.72 ], [ -124.18, 40.77 ], [ -124.17, 40.8 ], [ -124.14, 40.81 ], [ -124.1, 40.81 ], [ -124.08, 40.83 ], [ -124.08, 40.85 ], [ -124.14, 40.86 ], [ -124.15, 40.82 ], [ -124.17, 40.81 ], [ -124.18, 40.78 ], [ -124.21, 40.77 ], [ -124.16, 40.86 ], [ -124.13, 40.91 ], [ -124.11, 40.98 ], [ -124.1, 41.02 ], [ -124.14, 41.08 ], [ -124.15, 41.13 ], [ -124.12, 41.17 ], [ -124.09, 41.25 ], [ -124.07, 41.31 ], [ -124.05, 41.38 ], [ -124.06, 41.47 ], [ -124.07, 41.51 ], [ -124.09, 41.6 ], [ -124.11, 41.63 ], [ -124.13, 41.66 ], [ -124.13, 41.7 ], [ -124.14, 41.73 ], [ -124.17, 41.74 ], [ -124.2, 41.74 ], [ -124.24, 41.78 ], [ -124.23, 41.79 ], [ -124.21, 41.84 ], [ -124.2, 41.89 ], [ -124.2, 41.95 ], [ -124.2, 42.0 ], [ -124.3, 42.05 ], [ -124.31, 42.07 ], [ -124.35, 42.1 ], [ -124.35, 42.14 ], [ -124.37, 42.15 ], [ -124.37, 42.17 ], [ -124.38, 42.22 ], [ -124.41, 42.25 ], [ -124.4, 42.28 ], [ -124.42, 42.31 ], [ -124.43, 42.32 ], [ -124.43, 42.36 ], [ -124.42, 42.37 ], [ -124.43, 42.42 ], [ -124.42, 42.5 ], [ -124.41, 42.52 ], [ -124.39, 42.55 ], [ -124.39, 42.58 ], [ -124.4, 42.59 ], [ -124.4, 42.62 ], [ -124.41, 42.66 ], [ -124.45, 42.68 ], [ -124.47, 42.72 ], [ -124.48, 42.74 ], [ -124.5, 42.73 ], [ -124.53, 42.81 ], [ -124.56, 42.84 ], [ -124.54, 42.86 ], [ -124.53, 42.89 ], [ -124.49, 42.94 ], [ -124.46, 43.0 ], [ -124.44, 43.03 ], [ -124.44, 43.07 ], [ -124.42, 43.16 ], [ -124.4, 43.18 ], [ -124.4, 43.24 ], [ -124.38, 43.28 ], [ -124.4, 43.3 ], [ -124.38, 43.34 ], [ -124.34, 43.35 ], [ -124.32, 43.29 ], [ -124.3, 43.29 ], [ -124.32, 43.34 ], [ -124.3, 43.37 ], [ -124.28, 43.38 ], [ -124.28, 43.4 ], [ -124.25, 43.41 ], [ -124.22, 43.4 ], [ -124.21, 43.38 ], [ -124.2, 43.37 ], [ -124.17, 43.35 ], [ -124.17, 43.38 ], [ -124.18, 43.39 ], [ -124.22, 43.44 ], [ -124.2, 43.45 ], [ -124.24, 43.46 ], [ -124.24, 43.43 ], [ -124.28, 43.41 ], [ -124.3, 43.41 ], [ -124.27, 43.46 ], [ -124.24, 43.56 ], [ -124.21, 43.66 ], [ -124.2, 43.67 ], [ -124.16, 43.69 ], [ -124.15, 43.72 ], [ -124.13, 43.7 ], [ -124.08, 43.7 ], [ -124.08, 43.72 ], [ -124.11, 43.72 ], [ -124.14, 43.75 ], [ -124.17, 43.74 ], [ -124.17, 43.7 ], [ -124.2, 43.68 ], [ -124.19, 43.72 ], [ -124.16, 43.8 ], [ -124.17, 43.81 ], [ -124.16, 43.86 ], [ -124.16, 43.88 ], [ -124.15, 43.91 ], [ -124.14, 43.95 ], [ -124.12, 43.98 ], [ -124.11, 43.96 ], [ -124.04, 43.97 ], [ -124.07, 43.99 ], [ -124.11, 43.97 ], [ -124.13, 44.02 ], [ -124.13, 44.05 ], [ -124.12, 44.1 ], [ -124.13, 44.13 ], [ -124.12, 44.16 ], [ -124.12, 44.21 ], [ -124.11, 44.22 ], [ -124.12, 44.31 ], [ -124.1, 44.35 ], [ -124.09, 44.41 ], [ -124.07, 44.43 ], [ -124.04, 44.42 ], [ -124.04, 44.44 ], [ -124.08, 44.43 ], [ -124.09, 44.49 ], [ -124.08, 44.52 ], [ -124.07, 44.61 ], [ -124.05, 44.62 ], [ -124.01, 44.61 ], [ -124.01, 44.62 ], [ -124.06, 44.63 ], [ -124.05, 44.66 ], [ -124.08, 44.67 ], [ -124.06, 44.69 ], [ -124.06, 44.74 ], [ -124.06, 44.76 ], [ -124.07, 44.78 ], [ -124.07, 44.8 ], [ -124.07, 44.81 ], [ -124.05, 44.84 ], [ -124.03, 44.9 ], [ -124.01, 44.91 ], [ -124.03, 44.94 ], [ -124.01, 45.0 ], [ -124.01, 45.07 ], [ -123.98, 45.11 ], [ -123.97, 45.14 ], [ -123.95, 45.17 ], [ -123.97, 45.19 ], [ -123.97, 45.23 ], [ -123.95, 45.28 ], [ -123.97, 45.35 ], [ -123.96, 45.39 ], [ -123.93, 45.41 ], [ -123.94, 45.43 ], [ -123.97, 45.46 ], [ -123.98, 45.49 ], [ -123.97, 45.51 ], [ -123.93, 45.5 ], [ -123.89, 45.47 ], [ -123.87, 45.5 ], [ -123.88, 45.51 ], [ -123.9, 45.55 ], [ -123.95, 45.57 ], [ -123.94, 45.63 ], [ -123.92, 45.69 ], [ -123.93, 45.7 ], [ -123.94, 45.73 ], [ -123.96, 45.74 ], [ -123.97, 45.78 ], [ -123.96, 45.81 ], [ -123.96, 45.85 ], [ -123.96, 45.87 ], [ -123.96, 45.91 ], [ -123.97, 45.93 ], [ -123.96, 45.97 ], [ -123.93, 45.98 ], [ -123.93, 46.01 ], [ -123.94, 46.09 ], [ -123.97, 46.17 ], [ -123.99, 46.19 ], [ -123.95, 46.21 ], [ -123.92, 46.19 ], [ -123.89, 46.17 ], [ -123.84, 46.16 ], [ -123.86, 46.19 ], [ -123.79, 46.2 ], [ -123.77, 46.21 ], [ -123.74, 46.18 ], [ -123.7, 46.17 ], [ -123.6, 46.19 ], [ -123.58, 46.2 ], [ -123.57, 46.22 ], [ -123.54, 46.23 ], [ -123.5, 46.24 ], [ -123.44, 46.2 ], [ -123.43, 46.18 ], [ -123.39, 46.15 ], [ -123.34, 46.14 ], [ -123.31, 46.14 ], [ -123.31, 46.16 ], [ -123.41, 46.21 ], [ -123.42, 46.23 ], [ -123.43, 46.26 ], [ -123.48, 46.28 ], [ -123.55, 46.26 ], [ -123.62, 46.26 ], [ -123.66, 46.27 ], [ -123.68, 46.28 ], [ -123.68, 46.3 ], [ -123.7, 46.31 ], [ -123.71, 46.29 ], [ -123.74, 46.29 ], [ -123.76, 46.27 ], [ -123.8, 46.28 ], [ -123.83, 46.26 ], [ -123.87, 46.24 ], [ -123.91, 46.25 ], [ -123.95, 46.27 ], [ -123.97, 46.3 ], [ -124.01, 46.31 ], [ -124.05, 46.3 ], [ -124.06, 46.33 ], [ -124.05, 46.46 ], [ -124.06, 46.53 ], [ -124.06, 46.55 ], [ -124.07, 46.62 ], [ -124.02, 46.58 ], [ -124.02, 46.53 ], [ -124.03, 46.5 ], [ -124.01, 46.38 ], [ -123.95, 46.38 ], [ -123.95, 46.4 ], [ -123.9, 46.44 ], [ -123.94, 46.49 ], [ -123.92, 46.51 ], [ -123.89, 46.51 ], [ -123.9, 46.56 ], [ -123.96, 46.62 ], [ -123.93, 46.63 ], [ -123.91, 46.68 ], [ -123.89, 46.69 ], [ -123.85, 46.7 ], [ -123.84, 46.72 ], [ -123.9, 46.75 ], [ -123.92, 46.73 ], [ -123.98, 46.73 ], [ -123.98, 46.7 ], [ -124.01, 46.72 ], [ -124.04, 46.72 ], [ -124.09, 46.73 ], [ -124.1, 46.78 ], [ -124.12, 46.85 ], [ -124.14, 46.9 ], [ -124.11, 46.91 ], [ -124.1, 46.89 ], [ -124.1, 46.86 ], [ -124.05, 46.85 ], [ -124.03, 46.83 ], [ -124.01, 46.84 ], [ -124.04, 46.86 ], [ -124.05, 46.86 ], [ -124.05, 46.89 ], [ -124.03, 46.9 ], [ -123.98, 46.9 ], [ -123.99, 46.92 ], [ -123.96, 46.91 ], [ -123.89, 46.94 ], [ -123.85, 46.95 ], [ -123.84, 46.96 ], [ -123.88, 46.97 ], [ -123.91, 46.97 ], [ -123.92, 46.98 ], [ -123.99, 46.98 ], [ -124.01, 46.99 ], [ -124.01, 47.0 ], [ -124.03, 47.03 ], [ -124.1, 47.04 ], [ -124.14, 47.03 ], [ -124.15, 47.01 ], [ -124.13, 47.0 ], [ -124.13, 46.96 ], [ -124.16, 46.94 ], [ -124.17, 47.0 ], [ -124.17, 47.04 ], [ -124.18, 47.1 ], [ -124.19, 47.12 ], [ -124.19, 47.17 ], [ -124.2, 47.2 ], [ -124.22, 47.24 ], [ -124.23, 47.27 ], [ -124.26, 47.3 ], [ -124.28, 47.3 ], [ -124.29, 47.34 ], [ -124.32, 47.35 ], [ -124.33, 47.4 ], [ -124.34, 47.48 ], [ -124.34, 47.5 ], [ -124.37, 47.61 ], [ -124.37, 47.64 ], [ -124.41, 47.69 ], [ -124.42, 47.74 ], [ -124.46, 47.77 ], [ -124.48, 47.81 ], [ -124.53, 47.83 ], [ -124.56, 47.86 ], [ -124.63, 47.88 ], [ -124.64, 47.93 ], [ -124.67, 47.96 ], [ -124.69, 48.06 ], [ -124.7, 48.07 ], [ -124.69, 48.1 ], [ -124.69, 48.12 ], [ -124.73, 48.15 ], [ -124.69, 48.19 ], [ -124.69, 48.22 ], [ -124.68, 48.27 ], [ -124.69, 48.29 ], [ -124.67, 48.33 ], [ -124.7, 48.33 ], [ -124.72, 48.38 ], [ -124.69, 48.38 ], [ -124.64, 48.38 ], [ -124.61, 48.36 ], [ -124.59, 48.36 ], [ -124.56, 48.36 ], [ -124.55, 48.34 ], [ -124.5, 48.33 ], [ -124.41, 48.29 ], [ -124.39, 48.28 ], [ -124.31, 48.26 ], [ -124.27, 48.25 ], [ -124.24, 48.25 ], [ -124.14, 48.22 ], [ -124.1, 48.21 ], [ -124.09, 48.19 ], [ -124.05, 48.17 ], [ -123.98, 48.16 ], [ -123.95, 48.16 ], [ -123.93, 48.15 ], [ -123.83, 48.16 ], [ -123.81, 48.15 ], [ -123.77, 48.15 ], [ -123.72, 48.15 ], [ -123.7, 48.16 ], [ -123.65, 48.14 ], [ -123.64, 48.14 ], [ -123.58, 48.13 ], [ -123.55, 48.14 ], [ -123.52, 48.13 ], [ -123.49, 48.13 ], [ -123.46, 48.13 ], [ -123.4, 48.11 ], [ -123.34, 48.11 ], [ -123.29, 48.12 ], [ -123.25, 48.11 ], [ -123.23, 48.12 ], [ -123.18, 48.14 ], [ -123.12, 48.15 ], [ -123.07, 48.13 ], [ -123.04, 48.09 ], [ -123.04, 48.06 ], [ -123.01, 48.03 ], [ -123.0, 48.05 ], [ -123.01, 48.06 ], [ -123.01, 48.08 ], [ -122.98, 48.1 ], [ -122.92, 48.1 ], [ -122.93, 48.07 ], [ -122.88, 48.05 ], [ -122.84, 48.0 ], [ -122.83, 48.03 ], [ -122.83, 48.05 ], [ -122.88, 48.09 ], [ -122.88, 48.11 ], [ -122.84, 48.13 ], [ -122.77, 48.14 ], [ -122.77, 48.11 ], [ -122.79, 48.1 ], [ -122.8, 48.09 ], [ -122.77, 48.05 ], [ -122.74, 48.03 ], [ -122.72, 47.98 ], [ -122.69, 47.97 ], [ -122.68, 47.92 ], [ -122.63, 47.88 ], [ -122.65, 47.86 ], [ -122.69, 47.86 ], [ -122.69, 47.83 ], [ -122.74, 47.81 ], [ -122.75, 47.77 ], [ -122.76, 47.74 ], [ -122.79, 47.72 ], [ -122.79, 47.69 ], [ -122.83, 47.69 ], [ -122.81, 47.71 ], [ -122.81, 47.75 ], [ -122.79, 47.8 ], [ -122.79, 47.82 ], [ -122.83, 47.83 ], [ -122.82, 47.79 ], [ -122.85, 47.79 ], [ -122.85, 47.81 ], [ -122.87, 47.81 ], [ -122.87, 47.77 ], [ -122.85, 47.76 ], [ -122.88, 47.71 ], [ -122.9, 47.68 ], [ -122.95, 47.63 ], [ -122.97, 47.62 ], [ -122.98, 47.6 ], [ -123.0, 47.59 ], [ -123.05, 47.53 ], [ -123.06, 47.5 ], [ -123.09, 47.47 ], [ -123.11, 47.46 ], [ -123.12, 47.43 ], [ -123.16, 47.37 ], [ -123.15, 47.35 ], [ -123.12, 47.34 ], [ -123.1, 47.35 ], [ -123.04, 47.35 ], [ -123.01, 47.35 ], [ -122.98, 47.37 ], [ -122.92, 47.39 ], [ -122.87, 47.41 ], [ -122.9, 47.42 ], [ -123.01, 47.38 ], [ -123.03, 47.36 ], [ -123.05, 47.37 ], [ -123.11, 47.37 ], [ -123.12, 47.39 ], [ -123.1, 47.43 ], [ -123.07, 47.46 ], [ -123.04, 47.48 ], [ -123.03, 47.51 ], [ -123.02, 47.53 ], [ -122.99, 47.55 ], [ -122.96, 47.58 ], [ -122.93, 47.59 ], [ -122.91, 47.62 ], [ -122.87, 47.63 ], [ -122.85, 47.64 ], [ -122.83, 47.63 ], [ -122.8, 47.65 ], [ -122.78, 47.64 ], [ -122.75, 47.66 ], [ -122.74, 47.72 ], [ -122.72, 47.76 ], [ -122.69, 47.77 ], [ -122.68, 47.8 ], [ -122.66, 47.81 ], [ -122.61, 47.85 ], [ -122.59, 47.85 ], [ -122.58, 47.81 ], [ -122.56, 47.82 ], [ -122.58, 47.85 ], [ -122.59, 47.92 ], [ -122.53, 47.91 ], [ -122.51, 47.82 ], [ -122.49, 47.81 ], [ -122.51, 47.79 ], [ -122.48, 47.77 ], [ -122.48, 47.75 ], [ -122.5, 47.74 ], [ -122.56, 47.74 ], [ -122.56, 47.73 ], [ -122.59, 47.69 ], [ -122.64, 47.72 ], [ -122.65, 47.71 ], [ -122.62, 47.7 ], [ -122.62, 47.65 ], [ -122.6, 47.64 ], [ -122.59, 47.61 ], [ -122.61, 47.57 ], [ -122.65, 47.59 ], [ -122.69, 47.64 ], [ -122.7, 47.61 ], [ -122.69, 47.59 ], [ -122.63, 47.57 ], [ -122.63, 47.54 ], [ -122.61, 47.55 ], [ -122.59, 47.57 ], [ -122.55, 47.58 ], [ -122.54, 47.52 ], [ -122.5, 47.51 ], [ -122.54, 47.47 ], [ -122.54, 47.44 ], [ -122.55, 47.43 ], [ -122.54, 47.4 ], [ -122.57, 47.32 ], [ -122.55, 47.28 ], [ -122.58, 47.25 ], [ -122.6, 47.27 ], [ -122.65, 47.28 ], [ -122.69, 47.29 ], [ -122.69, 47.31 ], [ -122.66, 47.33 ], [ -122.66, 47.35 ], [ -122.63, 47.37 ], [ -122.64, 47.38 ], [ -122.68, 47.36 ], [ -122.74, 47.34 ], [ -122.73, 47.32 ], [ -122.75, 47.29 ], [ -122.75, 47.27 ], [ -122.72, 47.23 ], [ -122.72, 47.22 ], [ -122.75, 47.21 ], [ -122.74, 47.19 ], [ -122.75, 47.17 ], [ -122.79, 47.18 ], [ -122.82, 47.24 ], [ -122.83, 47.25 ], [ -122.8, 47.29 ], [ -122.78, 47.3 ], [ -122.79, 47.33 ], [ -122.79, 47.36 ], [ -122.83, 47.38 ], [ -122.83, 47.35 ], [ -122.84, 47.32 ], [ -122.9, 47.29 ], [ -122.93, 47.28 ], [ -122.93, 47.26 ], [ -122.95, 47.25 ], [ -122.94, 47.21 ], [ -122.99, 47.2 ], [ -123.03, 47.22 ], [ -123.04, 47.24 ], [ -123.09, 47.21 ], [ -123.06, 47.2 ], [ -123.02, 47.2 ], [ -123.0, 47.19 ], [ -122.95, 47.2 ], [ -122.96, 47.17 ], [ -122.99, 47.17 ], [ -123.02, 47.15 ], [ -123.03, 47.12 ], [ -123.07, 47.12 ], [ -123.06, 47.1 ], [ -123.03, 47.1 ], [ -123.0, 47.13 ], [ -122.96, 47.13 ], [ -122.96, 47.11 ], [ -122.99, 47.1 ], [ -123.0, 47.07 ], [ -122.93, 47.1 ], [ -122.94, 47.08 ], [ -122.92, 47.05 ], [ -122.9, 47.05 ], [ -122.9, 47.07 ], [ -122.89, 47.11 ], [ -122.91, 47.14 ], [ -122.88, 47.15 ], [ -122.86, 47.12 ], [ -122.83, 47.13 ], [ -122.82, 47.17 ], [ -122.79, 47.13 ], [ -122.76, 47.12 ], [ -122.73, 47.1 ], [ -122.73, 47.09 ], [ -122.68, 47.11 ], [ -122.67, 47.12 ], [ -122.62, 47.15 ], [ -122.61, 47.17 ], [ -122.59, 47.18 ], [ -122.57, 47.24 ], [ -122.53, 47.29 ], [ -122.54, 47.31 ], [ -122.49, 47.28 ], [ -122.42, 47.26 ], [ -122.42, 47.29 ], [ -122.44, 47.3 ], [ -122.43, 47.32 ], [ -122.39, 47.32 ], [ -122.33, 47.34 ], [ -122.32, 47.39 ], [ -122.34, 47.41 ], [ -122.35, 47.44 ], [ -122.37, 47.45 ], [ -122.36, 47.48 ], [ -122.39, 47.51 ], [ -122.39, 47.53 ], [ -122.39, 47.56 ], [ -122.4, 47.58 ], [ -122.38, 47.59 ], [ -122.34, 47.6 ], [ -122.36, 47.62 ], [ -122.39, 47.63 ], [ -122.44, 47.66 ], [ -122.42, 47.66 ], [ -122.41, 47.69 ], [ -122.37, 47.72 ], [ -122.38, 47.74 ], [ -122.39, 47.77 ], [ -122.39, 47.8 ], [ -122.36, 47.84 ], [ -122.33, 47.86 ], [ -122.32, 47.9 ], [ -122.3, 47.95 ], [ -122.24, 47.96 ], [ -122.22, 47.98 ], [ -122.22, 48.01 ], [ -122.19, 48.03 ], [ -122.22, 48.04 ], [ -122.23, 48.03 ], [ -122.29, 48.05 ], [ -122.28, 48.06 ], [ -122.33, 48.08 ], [ -122.37, 48.13 ], [ -122.37, 48.18 ], [ -122.36, 48.2 ], [ -122.38, 48.22 ], [ -122.42, 48.22 ], [ -122.44, 48.23 ], [ -122.46, 48.22 ], [ -122.45, 48.2 ], [ -122.46, 48.19 ], [ -122.49, 48.18 ], [ -122.45, 48.13 ], [ -122.49, 48.12 ], [ -122.53, 48.18 ], [ -122.54, 48.24 ], [ -122.51, 48.25 ], [ -122.49, 48.25 ], [ -122.47, 48.26 ], [ -122.44, 48.26 ], [ -122.41, 48.24 ], [ -122.39, 48.25 ], [ -122.38, 48.3 ], [ -122.44, 48.34 ], [ -122.47, 48.34 ], [ -122.51, 48.37 ], [ -122.53, 48.37 ], [ -122.56, 48.42 ], [ -122.54, 48.45 ], [ -122.58, 48.44 ], [ -122.59, 48.42 ], [ -122.63, 48.41 ], [ -122.67, 48.42 ], [ -122.68, 48.43 ], [ -122.66, 48.45 ], [ -122.66, 48.47 ], [ -122.69, 48.5 ], [ -122.66, 48.5 ], [ -122.61, 48.52 ], [ -122.59, 48.46 ], [ -122.57, 48.49 ], [ -122.52, 48.46 ], [ -122.48, 48.45 ], [ -122.47, 48.47 ], [ -122.48, 48.5 ], [ -122.48, 48.52 ], [ -122.5, 48.56 ], [ -122.46, 48.56 ], [ -122.43, 48.58 ], [ -122.43, 48.6 ], [ -122.47, 48.62 ], [ -122.51, 48.66 ], [ -122.49, 48.68 ], [ -122.52, 48.68 ], [ -122.53, 48.71 ], [ -122.49, 48.75 ], [ -122.54, 48.77 ], [ -122.57, 48.78 ], [ -122.59, 48.77 ], [ -122.64, 48.73 ], [ -122.66, 48.75 ], [ -122.65, 48.78 ], [ -122.7, 48.8 ], [ -122.71, 48.84 ], [ -122.76, 48.86 ], [ -122.78, 48.89 ], [ -122.75, 48.92 ], [ -122.77, 48.94 ], [ -122.79, 48.93 ], [ -122.82, 48.94 ], [ -122.82, 48.95 ], [ -122.79, 48.97 ], [ -122.76, 48.96 ], [ -122.74, 48.97 ], [ -122.77, 49.0 ], [ -122.34, 49.0 ], [ -122.27, 48.99 ], [ -121.95, 49.0 ], [ -121.52, 49.0 ], [ -121.12, 49.0 ], [ -120.86, 49.0 ], [ -120.44, 49.0 ], [ -119.76, 49.0 ], [ -119.32, 49.0 ], [ -118.84, 49.0 ], [ -118.2, 49.0 ], [ -117.43, 49.0 ], [ -117.03, 48.99 ], [ -116.06, 48.99 ], [ -115.47, 49.0 ], [ -115.0, 49.0 ], [ -114.41, 49.0 ], [ -114.07, 48.99 ], [ -113.62, 48.99 ], [ -113.15, 48.99 ], [ -112.19, 48.99 ], [ -111.28, 48.99 ], [ -111.28, 49.0 ], [ -110.75, 49.0 ], [ -109.71, 49.0 ], [ -109.5, 49.0 ], [ -108.98, 49.0 ], [ -108.63, 49.0 ], [ -108.25, 49.0 ], [ -107.81, 49.0 ], [ -107.37, 49.0 ], [ -107.18, 49.0 ], [ -106.68, 49.0 ], [ -106.12, 49.0 ], [ -105.06, 49.0 ], [ -104.61, 49.0 ], [ -104.06, 49.0 ], [ -103.41, 49.0 ], [ -102.94, 49.0 ], [ -102.59, 49.0 ], [ -102.02, 49.0 ], [ -101.5, 49.0 ], [ -101.37, 49.0 ], [ -100.74, 49.0 ], [ -100.19, 49.0 ], [ -99.78, 49.0 ], [ -99.53, 49.0 ], [ -98.99, 49.0 ], [ -98.4, 49.0 ], [ -97.94, 49.0 ], [ -97.23, 49.0 ], [ -97.23, 49.0 ], [ -96.41, 49.0 ], [ -95.97, 49.0 ], [ -95.28, 49.0 ], [ -95.16, 49.0 ], [ -95.15, 49.37 ], [ -95.11, 49.36 ], [ -95.02, 49.35 ], [ -94.93, 49.36 ], [ -94.83, 49.33 ], [ -94.82, 49.31 ], [ -94.82, 49.29 ], [ -94.79, 49.15 ], [ -94.74, 49.09 ], [ -94.74, 49.07 ], [ -94.68, 48.88 ], [ -94.7, 48.83 ], [ -94.69, 48.78 ], [ -94.65, 48.75 ], [ -94.61, 48.74 ], [ -94.58, 48.72 ], [ -94.54, 48.71 ], [ -94.52, 48.7 ], [ -94.45, 48.7 ], [ -94.41, 48.72 ], [ -94.33, 48.71 ], [ -94.31, 48.71 ], [ -94.27, 48.7 ], [ -94.25, 48.68 ], [ -94.25, 48.66 ], [ -94.22, 48.65 ], [ -94.13, 48.65 ], [ -93.94, 48.63 ], [ -93.86, 48.63 ], [ -93.84, 48.62 ], [ -93.82, 48.6 ], [ -93.81, 48.58 ], [ -93.81, 48.53 ], [ -93.79, 48.51 ], [ -93.7, 48.51 ], [ -93.66, 48.52 ], [ -93.63, 48.53 ], [ -93.61, 48.52 ], [ -93.51, 48.53 ], [ -93.47, 48.55 ], [ -93.47, 48.58 ], [ -93.4, 48.61 ], [ -93.37, 48.61 ], [ -93.35, 48.63 ], [ -93.3, 48.64 ], [ -93.23, 48.65 ], [ -93.15, 48.63 ], [ -92.95, 48.63 ], [ -92.93, 48.61 ], [ -92.83, 48.57 ], [ -92.73, 48.54 ], [ -92.65, 48.54 ], [ -92.62, 48.52 ], [ -92.62, 48.51 ], [ -92.64, 48.5 ], [ -92.7, 48.49 ], [ -92.71, 48.46 ], [ -92.68, 48.44 ], [ -92.66, 48.44 ], [ -92.52, 48.45 ], [ -92.48, 48.43 ], [ -92.46, 48.41 ], [ -92.48, 48.37 ], [ -92.46, 48.34 ], [ -92.41, 48.29 ], [ -92.37, 48.22 ], [ -92.34, 48.23 ], [ -92.29, 48.24 ], [ -92.27, 48.25 ], [ -92.29, 48.28 ], [ -92.3, 48.32 ], [ -92.28, 48.35 ], [ -92.27, 48.35 ], [ -92.22, 48.35 ], [ -92.13, 48.37 ], [ -92.08, 48.37 ], [ -92.04, 48.36 ], [ -92.0, 48.32 ], [ -92.01, 48.29 ], [ -92.0, 48.26 ], [ -91.98, 48.25 ], [ -91.93, 48.24 ], [ -91.89, 48.23 ], [ -91.85, 48.21 ], [ -91.81, 48.21 ], [ -91.77, 48.2 ], [ -91.72, 48.2 ], [ -91.71, 48.19 ], [ -91.71, 48.17 ], [ -91.69, 48.15 ], [ -91.7, 48.11 ], [ -91.66, 48.11 ], [ -91.63, 48.1 ], [ -91.58, 48.1 ], [ -91.56, 48.09 ], [ -91.58, 48.06 ], [ -91.56, 48.04 ], [ -91.46, 48.07 ], [ -91.41, 48.05 ], [ -91.37, 48.07 ], [ -91.34, 48.07 ], [ -91.27, 48.07 ], [ -91.22, 48.09 ], [ -91.2, 48.12 ], [ -91.16, 48.13 ], [ -91.11, 48.17 ], [ -91.03, 48.2 ], [ -90.94, 48.24 ], [ -90.87, 48.25 ], [ -90.85, 48.25 ], [ -90.84, 48.23 ], [ -90.83, 48.19 ], [ -90.78, 48.15 ], [ -90.79, 48.14 ], [ -90.76, 48.09 ], [ -90.74, 48.09 ], [ -90.68, 48.1 ], [ -90.64, 48.11 ], [ -90.57, 48.12 ], [ -90.57, 48.09 ], [ -90.43, 48.1 ], [ -90.35, 48.1 ], [ -90.19, 48.11 ], [ -90.15, 48.11 ], [ -90.06, 48.1 ], [ -90.03, 48.09 ], [ -90.01, 48.07 ], [ -89.99, 48.03 ], [ -89.95, 48.01 ], [ -89.93, 48.01 ], [ -89.9, 47.99 ], [ -89.86, 47.99 ], [ -89.83, 48.0 ], [ -89.81, 48.02 ], [ -89.73, 48.03 ], [ -89.68, 48.01 ], [ -89.61, 48.01 ], [ -89.58, 48.01 ], [ -89.52, 48.02 ], [ -89.5, 48.04 ], [ -89.47, 48.04 ], [ -89.49, 48.01 ], [ -89.51, 48.0 ], [ -89.6, 47.99 ], [ -89.61, 48.0 ], [ -89.65, 47.97 ], [ -89.68, 47.96 ], [ -89.69, 47.95 ], [ -89.75, 47.91 ], [ -89.79, 47.89 ], [ -89.85, 47.88 ], [ -89.92, 47.87 ], [ -89.95, 47.84 ], [ -90.0, 47.82 ], [ -90.04, 47.82 ], [ -90.21, 47.78 ], [ -90.3, 47.76 ], [ -90.33, 47.74 ], [ -90.43, 47.73 ], [ -90.44, 47.72 ], [ -90.51, 47.71 ], [ -90.59, 47.67 ], [ -90.63, 47.66 ], [ -90.66, 47.65 ], [ -90.7, 47.64 ], [ -90.76, 47.61 ], [ -90.91, 47.53 ], [ -91.0, 47.47 ], [ -91.07, 47.44 ], [ -91.08, 47.42 ], [ -91.11, 47.41 ], [ -91.17, 47.36 ], [ -91.18, 47.34 ], [ -91.22, 47.31 ], [ -91.26, 47.29 ], [ -91.3, 47.25 ], [ -91.35, 47.22 ], [ -91.37, 47.2 ], [ -91.41, 47.18 ], [ -91.45, 47.14 ], [ -91.54, 47.09 ], [ -91.57, 47.08 ], [ -91.59, 47.06 ], [ -91.62, 47.04 ], [ -91.63, 47.03 ], [ -91.7, 47.0 ], [ -91.78, 46.94 ], [ -91.81, 46.92 ], [ -91.83, 46.92 ], [ -91.9, 46.89 ], [ -91.97, 46.85 ], [ -92.01, 46.84 ], [ -92.09, 46.79 ], [ -92.1, 46.76 ], [ -92.13, 46.75 ], [ -92.15, 46.72 ], [ -92.18, 46.72 ], [ -92.21, 46.69 ], [ -92.19, 46.67 ], [ -92.16, 46.68 ], [ -92.16, 46.7 ], [ -92.13, 46.71 ], [ -92.13, 46.73 ], [ -92.08, 46.75 ], [ -92.03, 46.7 ], [ -91.98, 46.69 ], [ -91.95, 46.68 ], [ -91.88, 46.69 ], [ -91.85, 46.69 ], [ -91.78, 46.7 ], [ -91.74, 46.71 ], [ -91.69, 46.72 ], [ -91.59, 46.75 ], [ -91.56, 46.76 ], [ -91.5, 46.76 ], [ -91.35, 46.8 ], [ -91.32, 46.82 ], [ -91.26, 46.84 ], [ -91.23, 46.86 ], [ -91.21, 46.87 ], [ -91.19, 46.85 ], [ -91.14, 46.86 ], [ -91.1, 46.86 ], [ -91.08, 46.88 ], [ -91.04, 46.89 ], [ -91.03, 46.9 ], [ -90.98, 46.92 ], [ -90.96, 46.94 ], [ -90.93, 46.93 ], [ -90.88, 46.94 ], [ -90.86, 46.96 ], [ -90.83, 46.96 ], [ -90.83, 46.93 ], [ -90.8, 46.94 ], [ -90.78, 46.91 ], [ -90.75, 46.89 ], [ -90.78, 46.85 ], [ -90.79, 46.82 ], [ -90.85, 46.77 ], [ -90.87, 46.74 ], [ -90.85, 46.71 ], [ -90.85, 46.69 ], [ -90.9, 46.65 ], [ -90.91, 46.62 ], [ -90.93, 46.6 ], [ -90.92, 46.58 ], [ -90.86, 46.6 ], [ -90.78, 46.63 ], [ -90.75, 46.65 ], [ -90.75, 46.67 ], [ -90.7, 46.66 ], [ -90.7, 46.68 ], [ -90.58, 46.6 ], [ -90.55, 46.59 ], [ -90.5, 46.59 ], [ -90.44, 46.56 ], [ -90.42, 46.56 ], [ -90.32, 46.61 ], [ -90.29, 46.61 ], [ -90.2, 46.64 ], [ -90.11, 46.66 ], [ -90.05, 46.67 ], [ -90.02, 46.68 ], [ -89.96, 46.72 ], [ -89.94, 46.73 ], [ -89.84, 46.81 ], [ -89.78, 46.83 ], [ -89.65, 46.84 ], [ -89.61, 46.82 ], [ -89.5, 46.84 ], [ -89.43, 46.84 ], [ -89.39, 46.85 ], [ -89.31, 46.88 ], [ -89.27, 46.9 ], [ -89.21, 46.92 ], [ -89.16, 46.97 ], [ -89.13, 47.0 ], [ -89.08, 46.99 ], [ -89.02, 47.01 ], [ -88.99, 47.0 ], [ -88.95, 47.02 ], [ -88.92, 47.04 ], [ -88.9, 47.09 ], [ -88.87, 47.11 ], [ -88.83, 47.12 ], [ -88.8, 47.15 ], [ -88.76, 47.16 ], [ -88.73, 47.18 ], [ -88.67, 47.22 ], [ -88.63, 47.23 ], [ -88.62, 47.21 ], [ -88.64, 47.16 ], [ -88.62, 47.13 ], [ -88.59, 47.12 ], [ -88.56, 47.12 ], [ -88.51, 47.11 ], [ -88.5, 47.07 ], [ -88.51, 47.03 ], [ -88.49, 47.03 ], [ -88.45, 47.0 ], [ -88.43, 46.96 ], [ -88.48, 46.86 ], [ -88.47, 46.83 ], [ -88.45, 46.77 ], [ -88.38, 46.85 ], [ -88.38, 46.87 ], [ -88.34, 46.87 ], [ -88.25, 46.93 ], [ -88.2, 46.94 ], [ -88.19, 46.96 ], [ -88.15, 46.96 ], [ -88.13, 46.96 ], [ -88.18, 46.92 ], [ -88.23, 46.9 ], [ -88.25, 46.87 ], [ -88.21, 46.88 ], [ -88.21, 46.89 ], [ -88.18, 46.9 ], [ -88.07, 46.92 ], [ -88.01, 46.91 ], [ -87.91, 46.91 ], [ -87.89, 46.91 ], [ -87.86, 46.89 ], [ -87.83, 46.89 ], [ -87.78, 46.88 ], [ -87.77, 46.87 ], [ -87.74, 46.87 ], [ -87.72, 46.83 ], [ -87.7, 46.83 ], [ -87.67, 46.84 ], [ -87.66, 46.81 ], [ -87.63, 46.81 ], [ -87.59, 46.79 ], [ -87.59, 46.77 ], [ -87.58, 46.73 ], [ -87.52, 46.69 ], [ -87.52, 46.68 ], [ -87.49, 46.64 ], [ -87.47, 46.64 ], [ -87.47, 46.62 ], [ -87.43, 46.59 ], [ -87.41, 46.6 ], [ -87.39, 46.57 ], [ -87.38, 46.55 ], [ -87.39, 46.53 ], [ -87.36, 46.5 ], [ -87.24, 46.49 ], [ -87.17, 46.5 ], [ -87.1, 46.5 ], [ -87.08, 46.52 ], [ -87.02, 46.53 ], [ -87.01, 46.54 ], [ -86.97, 46.53 ], [ -86.94, 46.48 ], [ -86.93, 46.48 ], [ -86.89, 46.46 ], [ -86.87, 46.44 ], [ -86.82, 46.45 ], [ -86.8, 46.48 ], [ -86.76, 46.49 ], [ -86.74, 46.48 ], [ -86.71, 46.45 ], [ -86.65, 46.45 ], [ -86.64, 46.42 ], [ -86.61, 46.44 ], [ -86.61, 46.46 ], [ -86.58, 46.46 ], [ -86.56, 46.49 ], [ -86.55, 46.5 ], [ -86.53, 46.51 ], [ -86.45, 46.56 ], [ -86.43, 46.56 ], [ -86.35, 46.58 ], [ -86.27, 46.62 ], [ -86.15, 46.67 ], [ -86.1, 46.66 ], [ -86.0, 46.68 ], [ -85.86, 46.7 ], [ -85.77, 46.68 ], [ -85.67, 46.68 ], [ -85.63, 46.69 ], [ -85.55, 46.68 ], [ -85.5, 46.67 ], [ -85.44, 46.7 ], [ -85.32, 46.74 ], [ -85.25, 46.76 ], [ -85.21, 46.76 ], [ -85.15, 46.77 ], [ -85.08, 46.76 ], [ -85.03, 46.76 ], [ -84.98, 46.78 ], [ -84.96, 46.77 ], [ -85.02, 46.71 ], [ -85.02, 46.66 ], [ -85.04, 46.59 ], [ -85.02, 46.55 ], [ -85.05, 46.53 ], [ -85.05, 46.51 ], [ -85.03, 46.48 ], [ -85.01, 46.48 ], [ -84.96, 46.48 ], [ -84.94, 46.49 ], [ -84.9, 46.47 ], [ -84.87, 46.47 ], [ -84.84, 46.45 ], [ -84.8, 46.44 ], [ -84.75, 46.45 ], [ -84.68, 46.49 ], [ -84.63, 46.48 ], [ -84.59, 46.45 ], [ -84.6, 46.43 ], [ -84.57, 46.41 ], [ -84.54, 46.42 ], [ -84.51, 46.43 ], [ -84.5, 46.44 ], [ -84.47, 46.44 ], [ -84.45, 46.46 ], [ -84.42, 46.48 ], [ -84.35, 46.5 ], [ -84.32, 46.49 ], [ -84.3, 46.47 ], [ -84.28, 46.45 ], [ -84.25, 46.39 ], [ -84.23, 46.37 ], [ -84.22, 46.34 ], [ -84.22, 46.3 ], [ -84.22, 46.28 ], [ -84.18, 46.25 ], [ -84.2, 46.25 ], [ -84.23, 46.23 ], [ -84.27, 46.21 ], [ -84.25, 46.17 ], [ -84.22, 46.16 ], [ -84.2, 46.17 ], [ -84.15, 46.18 ], [ -84.12, 46.18 ], [ -84.11, 46.15 ], [ -84.07, 46.14 ], [ -84.04, 46.13 ], [ -84.06, 46.1 ], [ -84.05, 46.08 ], [ -84.01, 46.05 ], [ -83.99, 46.03 ], [ -83.94, 46.03 ], [ -83.9, 46.01 ], [ -83.9, 45.98 ], [ -83.94, 45.97 ], [ -83.99, 45.97 ], [ -84.0, 45.95 ], [ -84.03, 45.96 ], [ -84.08, 45.96 ], [ -84.12, 45.98 ], [ -84.14, 45.97 ], [ -84.17, 45.98 ], [ -84.2, 45.97 ], [ -84.21, 45.98 ], [ -84.27, 45.99 ], [ -84.28, 45.99 ], [ -84.36, 46.0 ], [ -84.36, 45.97 ], [ -84.4, 46.0 ], [ -84.44, 46.01 ], [ -84.48, 45.97 ], [ -84.49, 45.99 ], [ -84.53, 45.99 ], [ -84.54, 46.02 ], [ -84.56, 46.03 ], [ -84.61, 46.03 ], [ -84.66, 46.05 ], [ -84.69, 46.03 ], [ -84.69, 46.0 ], [ -84.69, 45.97 ], [ -84.73, 45.97 ], [ -84.74, 45.95 ], [ -84.72, 45.92 ], [ -84.74, 45.92 ], [ -84.73, 45.89 ], [ -84.73, 45.88 ], [ -84.71, 45.86 ], [ -84.76, 45.84 ], [ -84.82, 45.87 ], [ -84.83, 45.87 ], [ -84.85, 45.9 ], [ -84.9, 45.92 ], [ -84.92, 45.93 ], [ -84.98, 45.98 ], [ -85.02, 46.01 ], [ -85.07, 46.02 ], [ -85.13, 46.05 ], [ -85.17, 46.06 ], [ -85.26, 46.07 ], [ -85.32, 46.09 ], [ -85.35, 46.1 ], [ -85.38, 46.08 ], [ -85.39, 46.09 ], [ -85.43, 46.1 ], [ -85.44, 46.09 ], [ -85.49, 46.1 ], [ -85.53, 46.1 ], [ -85.56, 46.08 ], [ -85.61, 46.01 ], [ -85.65, 45.98 ], [ -85.69, 45.97 ], [ -85.75, 45.97 ], [ -85.79, 45.98 ], [ -85.82, 45.98 ], [ -85.84, 45.97 ], [ -85.89, 45.97 ], [ -85.91, 45.96 ], [ -85.92, 45.94 ], [ -85.92, 45.92 ], [ -85.97, 45.94 ], [ -86.07, 45.96 ], [ -86.1, 45.96 ], [ -86.16, 45.95 ], [ -86.19, 45.96 ], [ -86.26, 45.95 ], [ -86.27, 45.93 ], [ -86.31, 45.91 ], [ -86.33, 45.87 ], [ -86.33, 45.85 ], [ -86.36, 45.8 ], [ -86.41, 45.79 ], [ -86.44, 45.76 ], [ -86.47, 45.77 ], [ -86.51, 45.76 ], [ -86.53, 45.72 ], [ -86.56, 45.72 ], [ -86.58, 45.7 ], [ -86.59, 45.67 ], [ -86.61, 45.67 ], [ -86.62, 45.66 ], [ -86.62, 45.64 ], [ -86.6, 45.61 ], [ -86.61, 45.61 ], [ -86.67, 45.63 ], [ -86.7, 45.65 ], [ -86.72, 45.67 ], [ -86.71, 45.69 ], [ -86.67, 45.7 ], [ -86.67, 45.72 ], [ -86.62, 45.75 ], [ -86.63, 45.78 ], [ -86.57, 45.77 ], [ -86.58, 45.8 ], [ -86.56, 45.81 ], [ -86.54, 45.85 ], [ -86.53, 45.87 ], [ -86.55, 45.89 ], [ -86.58, 45.89 ], [ -86.63, 45.87 ], [ -86.64, 45.83 ], [ -86.66, 45.83 ], [ -86.69, 45.84 ], [ -86.72, 45.84 ], [ -86.74, 45.87 ], [ -86.78, 45.86 ], [ -86.77, 45.81 ], [ -86.81, 45.79 ], [ -86.84, 45.72 ], [ -86.93, 45.71 ], [ -86.97, 45.69 ], [ -86.99, 45.7 ], [ -86.98, 45.74 ], [ -86.99, 45.8 ], [ -87.0, 45.83 ], [ -86.96, 45.86 ], [ -86.95, 45.88 ], [ -86.97, 45.92 ], [ -86.98, 45.89 ], [ -87.01, 45.86 ], [ -87.0, 45.85 ], [ -87.04, 45.83 ], [ -87.06, 45.79 ], [ -87.06, 45.76 ], [ -87.04, 45.74 ], [ -87.08, 45.71 ], [ -87.09, 45.69 ], [ -87.13, 45.68 ], [ -87.16, 45.66 ], [ -87.18, 45.64 ], [ -87.26, 45.55 ], [ -87.3, 45.49 ], [ -87.33, 45.45 ], [ -87.33, 45.44 ], [ -87.36, 45.4 ], [ -87.41, 45.35 ], [ -87.41, 45.34 ], [ -87.43, 45.32 ], [ -87.44, 45.3 ], [ -87.48, 45.25 ], [ -87.58, 45.16 ], [ -87.6, 45.14 ], [ -87.59, 45.11 ], [ -87.61, 45.11 ], [ -87.68, 45.13 ], [ -87.66, 45.11 ], [ -87.58, 45.1 ], [ -87.6, 45.09 ], [ -87.62, 45.06 ], [ -87.62, 45.0 ], [ -87.62, 44.99 ], [ -87.66, 44.98 ], [ -87.77, 44.96 ], [ -87.8, 44.95 ], [ -87.84, 44.93 ], [ -87.83, 44.89 ], [ -87.84, 44.87 ], [ -87.86, 44.84 ], [ -87.9, 44.82 ], [ -87.94, 44.77 ], [ -87.99, 44.71 ], [ -87.99, 44.68 ], [ -88.0, 44.67 ], [ -88.01, 44.64 ], [ -88.02, 44.59 ], [ -88.04, 44.58 ], [ -87.99, 44.54 ], [ -87.97, 44.54 ], [ -87.93, 44.54 ], [ -87.87, 44.62 ], [ -87.82, 44.64 ], [ -87.77, 44.64 ], [ -87.72, 44.69 ], [ -87.72, 44.72 ], [ -87.67, 44.77 ], [ -87.66, 44.79 ], [ -87.62, 44.83 ], [ -87.59, 44.85 ], [ -87.55, 44.83 ], [ -87.53, 44.85 ], [ -87.44, 44.88 ], [ -87.42, 44.87 ], [ -87.37, 44.81 ], [ -87.31, 44.79 ], [ -87.32, 44.77 ], [ -87.34, 44.74 ], [ -87.35, 44.7 ], [ -87.37, 44.69 ], [ -87.38, 44.66 ], [ -87.4, 44.64 ], [ -87.44, 44.61 ], [ -87.45, 44.57 ], [ -87.48, 44.52 ], [ -87.48, 44.5 ], [ -87.49, 44.48 ], [ -87.5, 44.44 ], [ -87.51, 44.42 ], [ -87.52, 44.36 ], [ -87.54, 44.33 ], [ -87.54, 44.3 ], [ -87.52, 44.26 ], [ -87.51, 44.22 ], [ -87.52, 44.18 ], [ -87.55, 44.14 ], [ -87.57, 44.13 ], [ -87.62, 44.11 ], [ -87.64, 44.1 ], [ -87.65, 44.06 ], [ -87.68, 44.02 ], [ -87.7, 43.96 ], [ -87.71, 43.94 ], [ -87.73, 43.88 ], [ -87.72, 43.86 ], [ -87.73, 43.83 ], [ -87.71, 43.79 ], [ -87.69, 43.77 ], [ -87.7, 43.74 ], [ -87.7, 43.69 ], [ -87.71, 43.66 ], [ -87.77, 43.59 ], [ -87.79, 43.56 ], [ -87.79, 43.51 ], [ -87.8, 43.46 ], [ -87.87, 43.37 ], [ -87.88, 43.31 ], [ -87.9, 43.27 ], [ -87.9, 43.24 ], [ -87.88, 43.19 ], [ -87.88, 43.16 ], [ -87.89, 43.13 ], [ -87.86, 43.09 ], [ -87.86, 43.07 ], [ -87.89, 43.03 ], [ -87.88, 43.0 ], [ -87.84, 42.97 ], [ -87.84, 42.95 ], [ -87.84, 42.93 ], [ -87.84, 42.87 ], [ -87.79, 42.8 ], [ -87.76, 42.79 ], [ -87.77, 42.75 ], [ -87.77, 42.7 ], [ -87.79, 42.68 ], [ -87.81, 42.62 ], [ -87.8, 42.58 ], [ -87.81, 42.54 ], [ -87.8, 42.5 ], [ -87.81, 42.39 ], [ -87.82, 42.37 ], [ -87.83, 42.35 ], [ -87.84, 42.31 ], [ -87.83, 42.28 ], [ -87.81, 42.22 ], [ -87.77, 42.17 ], [ -87.73, 42.11 ], [ -87.67, 42.06 ], [ -87.66, 41.98 ], [ -87.63, 41.91 ], [ -87.62, 41.89 ], [ -87.62, 41.85 ], [ -87.58, 41.8 ], [ -87.58, 41.79 ], [ -87.56, 41.76 ], [ -87.53, 41.74 ], [ -87.53, 41.72 ], [ -87.46, 41.67 ], [ -87.41, 41.64 ], [ -87.32, 41.62 ], [ -87.28, 41.62 ], [ -87.24, 41.63 ], [ -87.14, 41.64 ], [ -87.06, 41.67 ], [ -86.95, 41.72 ], [ -86.91, 41.72 ], [ -86.89, 41.74 ], [ -86.83, 41.76 ], [ -86.79, 41.79 ], [ -86.75, 41.81 ], [ -86.69, 41.85 ], [ -86.63, 41.9 ], [ -86.6, 41.92 ], [ -86.58, 41.96 ], [ -86.56, 42.01 ], [ -86.51, 42.09 ], [ -86.5, 42.13 ], [ -86.43, 42.18 ], [ -86.39, 42.22 ], [ -86.35, 42.28 ], [ -86.31, 42.35 ], [ -86.29, 42.41 ], [ -86.26, 42.46 ], [ -86.24, 42.59 ], [ -86.24, 42.64 ], [ -86.21, 42.71 ], [ -86.21, 42.76 ], [ -86.22, 42.78 ], [ -86.22, 42.89 ], [ -86.23, 42.96 ], [ -86.24, 42.98 ], [ -86.24, 43.03 ], [ -86.26, 43.08 ], [ -86.27, 43.12 ], [ -86.33, 43.22 ], [ -86.29, 43.23 ], [ -86.3, 43.25 ], [ -86.33, 43.25 ], [ -86.34, 43.24 ], [ -86.39, 43.3 ], [ -86.44, 43.4 ], [ -86.45, 43.45 ], [ -86.47, 43.5 ], [ -86.5, 43.56 ], [ -86.53, 43.58 ], [ -86.54, 43.64 ], [ -86.54, 43.68 ], [ -86.52, 43.7 ], [ -86.49, 43.73 ], [ -86.43, 43.78 ], [ -86.43, 43.81 ], [ -86.46, 43.94 ], [ -86.45, 43.97 ], [ -86.51, 44.03 ], [ -86.52, 44.05 ], [ -86.51, 44.08 ], [ -86.49, 44.09 ], [ -86.44, 44.12 ], [ -86.41, 44.14 ], [ -86.4, 44.16 ], [ -86.37, 44.19 ], [ -86.36, 44.24 ], [ -86.32, 44.28 ], [ -86.31, 44.31 ], [ -86.26, 44.36 ], [ -86.21, 44.36 ], [ -86.24, 44.38 ], [ -86.27, 44.37 ], [ -86.27, 44.39 ], [ -86.25, 44.43 ], [ -86.25, 44.48 ], [ -86.23, 44.55 ], [ -86.23, 44.58 ], [ -86.26, 44.67 ], [ -86.26, 44.7 ], [ -86.16, 44.73 ], [ -86.12, 44.73 ], [ -86.09, 44.75 ], [ -86.08, 44.76 ], [ -86.09, 44.79 ], [ -86.07, 44.82 ], [ -86.08, 44.89 ], [ -86.05, 44.92 ], [ -86.02, 44.91 ], [ -85.99, 44.91 ], [ -85.95, 44.95 ], [ -85.94, 44.97 ], [ -85.92, 44.97 ], [ -85.89, 44.95 ], [ -85.84, 44.94 ], [ -85.81, 44.95 ], [ -85.78, 44.98 ], [ -85.79, 45.02 ], [ -85.76, 45.03 ], [ -85.75, 45.06 ], [ -85.72, 45.07 ], [ -85.69, 45.1 ], [ -85.67, 45.14 ], [ -85.63, 45.18 ], [ -85.61, 45.18 ], [ -85.58, 45.19 ], [ -85.56, 45.21 ], [ -85.54, 45.21 ], [ -85.55, 45.18 ], [ -85.57, 45.16 ], [ -85.6, 45.15 ], [ -85.61, 45.12 ], [ -85.59, 45.08 ], [ -85.57, 45.06 ], [ -85.6, 45.05 ], [ -85.61, 45.02 ], [ -85.63, 45.0 ], [ -85.65, 44.97 ], [ -85.61, 44.98 ], [ -85.61, 44.92 ], [ -85.63, 44.92 ], [ -85.65, 44.87 ], [ -85.65, 44.83 ], [ -85.63, 44.8 ], [ -85.63, 44.77 ], [ -85.6, 44.78 ], [ -85.59, 44.81 ], [ -85.56, 44.84 ], [ -85.56, 44.86 ], [ -85.53, 44.88 ], [ -85.54, 44.9 ], [ -85.56, 44.9 ], [ -85.54, 44.93 ], [ -85.53, 44.97 ], [ -85.5, 44.99 ], [ -85.48, 44.99 ], [ -85.47, 44.97 ], [ -85.49, 44.96 ], [ -85.49, 44.94 ], [ -85.5, 44.91 ], [ -85.49, 44.89 ], [ -85.51, 44.85 ], [ -85.55, 44.83 ], [ -85.56, 44.79 ], [ -85.58, 44.76 ], [ -85.53, 44.76 ], [ -85.51, 44.78 ], [ -85.5, 44.8 ], [ -85.48, 44.81 ], [ -85.45, 44.86 ], [ -85.43, 44.9 ], [ -85.41, 44.93 ], [ -85.38, 45.01 ], [ -85.39, 45.05 ], [ -85.37, 45.07 ], [ -85.37, 45.11 ], [ -85.38, 45.16 ], [ -85.38, 45.17 ], [ -85.39, 45.19 ], [ -85.39, 45.24 ], [ -85.37, 45.27 ], [ -85.32, 45.3 ], [ -85.31, 45.32 ], [ -85.27, 45.32 ], [ -85.25, 45.34 ], [ -85.21, 45.36 ], [ -85.18, 45.36 ], [ -85.14, 45.38 ], [ -85.11, 45.37 ], [ -85.04, 45.37 ], [ -84.99, 45.37 ], [ -84.95, 45.38 ], [ -84.93, 45.4 ], [ -84.93, 45.42 ], [ -84.98, 45.43 ], [ -85.0, 45.42 ], [ -85.04, 45.43 ], [ -85.08, 45.46 ], [ -85.11, 45.52 ], [ -85.12, 45.56 ], [ -85.08, 45.63 ], [ -85.01, 45.66 ], [ -84.99, 45.68 ], [ -84.95, 45.71 ], [ -84.95, 45.73 ], [ -84.97, 45.75 ], [ -84.97, 45.77 ], [ -84.89, 45.75 ], [ -84.88, 45.76 ], [ -84.84, 45.75 ], [ -84.8, 45.75 ], [ -84.79, 45.77 ], [ -84.79, 45.78 ], [ -84.77, 45.79 ], [ -84.73, 45.79 ], [ -84.72, 45.77 ], [ -84.68, 45.76 ], [ -84.65, 45.75 ], [ -84.55, 45.71 ], [ -84.53, 45.69 ], [ -84.47, 45.65 ], [ -84.43, 45.65 ], [ -84.39, 45.66 ], [ -84.33, 45.67 ], [ -84.3, 45.66 ], [ -84.2, 45.63 ], [ -84.14, 45.58 ], [ -84.13, 45.56 ], [ -84.12, 45.51 ], [ -84.08, 45.49 ], [ -83.95, 45.5 ], [ -83.92, 45.49 ], [ -83.89, 45.47 ], [ -83.86, 45.45 ], [ -83.81, 45.42 ], [ -83.78, 45.42 ], [ -83.77, 45.41 ], [ -83.71, 45.41 ], [ -83.69, 45.39 ], [ -83.59, 45.35 ], [ -83.55, 45.35 ], [ -83.51, 45.34 ], [ -83.49, 45.35 ], [ -83.48, 45.33 ], [ -83.4, 45.28 ], [ -83.42, 45.24 ], [ -83.38, 45.2 ], [ -83.37, 45.17 ], [ -83.32, 45.15 ], [ -83.31, 45.11 ], [ -83.33, 45.09 ], [ -83.32, 45.06 ], [ -83.28, 45.04 ], [ -83.27, 45.03 ], [ -83.34, 45.04 ], [ -83.37, 45.06 ], [ -83.39, 45.08 ], [ -83.42, 45.07 ], [ -83.44, 45.05 ], [ -83.46, 44.99 ], [ -83.45, 44.98 ], [ -83.44, 44.94 ], [ -83.43, 44.92 ], [ -83.36, 44.89 ], [ -83.33, 44.88 ], [ -83.3, 44.83 ], [ -83.3, 44.79 ], [ -83.3, 44.75 ], [ -83.28, 44.72 ], [ -83.28, 44.68 ], [ -83.3, 44.65 ], [ -83.32, 44.61 ], [ -83.32, 44.57 ], [ -83.31, 44.56 ], [ -83.32, 44.52 ], [ -83.32, 44.5 ], [ -83.33, 44.44 ], [ -83.32, 44.4 ], [ -83.34, 44.37 ], [ -83.34, 44.33 ], [ -83.39, 44.32 ], [ -83.44, 44.27 ], [ -83.47, 44.28 ], [ -83.5, 44.28 ], [ -83.54, 44.25 ], [ -83.55, 44.23 ], [ -83.56, 44.19 ], [ -83.57, 44.17 ], [ -83.57, 44.11 ], [ -83.59, 44.08 ], [ -83.59, 44.05 ], [ -83.63, 44.05 ], [ -83.67, 44.04 ], [ -83.69, 44.03 ], [ -83.69, 43.99 ], [ -83.74, 44.01 ], [ -83.76, 43.99 ], [ -83.78, 43.99 ], [ -83.81, 44.0 ], [ -83.85, 44.0 ], [ -83.87, 43.97 ], [ -83.89, 43.96 ], [ -83.9, 43.93 ], [ -83.92, 43.92 ], [ -83.92, 43.86 ], [ -83.93, 43.85 ], [ -83.93, 43.78 ], [ -83.95, 43.77 ], [ -83.95, 43.75 ], [ -83.92, 43.68 ], [ -83.89, 43.66 ], [ -83.84, 43.65 ], [ -83.81, 43.64 ], [ -83.79, 43.64 ], [ -83.74, 43.62 ], [ -83.73, 43.61 ], [ -83.68, 43.6 ], [ -83.66, 43.6 ], [ -83.56, 43.68 ], [ -83.56, 43.7 ], [ -83.52, 43.72 ], [ -83.52, 43.7 ], [ -83.49, 43.7 ], [ -83.47, 43.74 ], [ -83.43, 43.79 ], [ -83.39, 43.84 ], [ -83.39, 43.85 ], [ -83.37, 43.86 ], [ -83.35, 43.88 ], [ -83.34, 43.9 ], [ -83.32, 43.92 ], [ -83.29, 43.94 ], [ -83.27, 43.98 ], [ -83.25, 43.99 ], [ -83.16, 43.99 ], [ -83.12, 44.01 ], [ -83.07, 44.01 ], [ -83.03, 44.05 ], [ -83.0, 44.05 ], [ -82.97, 44.07 ], [ -82.94, 44.07 ], [ -82.89, 44.05 ], [ -82.81, 44.03 ], [ -82.74, 43.99 ], [ -82.71, 43.94 ], [ -82.67, 43.88 ], [ -82.65, 43.86 ], [ -82.62, 43.78 ], [ -82.62, 43.74 ], [ -82.61, 43.7 ], [ -82.6, 43.62 ], [ -82.59, 43.56 ], [ -82.57, 43.49 ], [ -82.54, 43.45 ], [ -82.55, 43.4 ], [ -82.54, 43.39 ], [ -82.54, 43.37 ], [ -82.53, 43.31 ], [ -82.53, 43.24 ], [ -82.51, 43.21 ], [ -82.49, 43.13 ], [ -82.49, 43.11 ], [ -82.45, 43.05 ], [ -82.42, 42.98 ], [ -82.44, 42.95 ], [ -82.46, 42.94 ], [ -82.47, 42.91 ], [ -82.47, 42.86 ], [ -82.49, 42.81 ], [ -82.47, 42.76 ], [ -82.52, 42.67 ], [ -82.52, 42.63 ], [ -82.56, 42.62 ], [ -82.59, 42.63 ], [ -82.64, 42.63 ], [ -82.63, 42.65 ], [ -82.63, 42.67 ], [ -82.66, 42.67 ], [ -82.7, 42.69 ], [ -82.76, 42.67 ], [ -82.77, 42.65 ], [ -82.81, 42.65 ], [ -82.82, 42.64 ], [ -82.82, 42.62 ], [ -82.78, 42.59 ], [ -82.8, 42.57 ], [ -82.83, 42.57 ], [ -82.86, 42.55 ], [ -82.88, 42.51 ], [ -82.89, 42.48 ], [ -82.87, 42.46 ], [ -82.87, 42.43 ], [ -82.9, 42.39 ], [ -82.94, 42.36 ], [ -82.99, 42.36 ], [ -83.03, 42.33 ], [ -83.06, 42.33 ], [ -83.1, 42.31 ], [ -83.14, 42.25 ], [ -83.16, 42.19 ], [ -83.17, 42.16 ], [ -83.2, 42.1 ], [ -83.21, 42.09 ], [ -83.2, 42.06 ], [ -83.19, 42.06 ], [ -83.21, 42.03 ], [ -83.22, 42.0 ], [ -83.26, 41.97 ], [ -83.26, 41.95 ], [ -83.32, 41.93 ], [ -83.34, 41.92 ], [ -83.35, 41.89 ], [ -83.37, 41.88 ], [ -83.4, 41.84 ], [ -83.43, 41.82 ], [ -83.44, 41.8 ], [ -83.44, 41.77 ], [ -83.46, 41.77 ], [ -83.47, 41.75 ], [ -83.47, 41.73 ], [ -83.44, 41.7 ], [ -83.4, 41.7 ], [ -83.35, 41.69 ], [ -83.33, 41.71 ], [ -83.3, 41.68 ], [ -83.28, 41.68 ], [ -83.22, 41.64 ], [ -83.09, 41.61 ], [ -83.06, 41.59 ], [ -83.06, 41.58 ], [ -82.99, 41.53 ], [ -82.97, 41.53 ], [ -82.93, 41.52 ], [ -82.91, 41.52 ], [ -82.86, 41.54 ], [ -82.85, 41.56 ], [ -82.86, 41.58 ], [ -82.83, 41.59 ], [ -82.79, 41.54 ], [ -82.72, 41.55 ], [ -82.7, 41.53 ], [ -82.72, 41.51 ], [ -82.75, 41.51 ], [ -82.78, 41.5 ], [ -82.81, 41.5 ], [ -82.83, 41.49 ], [ -82.85, 41.5 ], [ -82.88, 41.49 ], [ -82.93, 41.49 ], [ -82.96, 41.49 ], [ -82.97, 41.47 ], [ -83.0, 41.46 ], [ -83.04, 41.46 ], [ -83.04, 41.44 ], [ -83.0, 41.45 ], [ -82.99, 41.43 ], [ -82.97, 41.42 ], [ -82.96, 41.44 ], [ -82.94, 41.42 ], [ -82.92, 41.42 ], [ -82.88, 41.45 ], [ -82.87, 41.44 ], [ -82.83, 41.46 ], [ -82.82, 41.47 ], [ -82.81, 41.48 ], [ -82.77, 41.45 ], [ -82.75, 41.46 ], [ -82.71, 41.46 ], [ -82.64, 41.45 ], [ -82.59, 41.43 ], [ -82.59, 41.42 ], [ -82.51, 41.39 ], [ -82.45, 41.39 ], [ -82.38, 41.43 ], [ -82.35, 41.43 ], [ -82.27, 41.43 ], [ -82.23, 41.45 ], [ -82.12, 41.49 ], [ -82.0, 41.51 ], [ -81.93, 41.49 ], [ -81.87, 41.48 ], [ -81.84, 41.49 ], [ -81.8, 41.5 ], [ -81.76, 41.49 ], [ -81.74, 41.49 ], [ -81.69, 41.51 ], [ -81.65, 41.53 ], [ -81.58, 41.58 ], [ -81.55, 41.59 ], [ -81.53, 41.61 ], [ -81.49, 41.62 ], [ -81.45, 41.66 ], [ -81.39, 41.7 ], [ -81.37, 41.71 ], [ -81.36, 41.72 ], [ -81.3, 41.74 ], [ -81.29, 41.75 ], [ -81.22, 41.77 ], [ -81.14, 41.8 ], [ -81.11, 41.81 ], [ -81.07, 41.83 ], [ -80.97, 41.86 ], [ -80.91, 41.87 ], [ -80.86, 41.89 ], [ -80.81, 41.9 ], [ -80.78, 41.92 ], [ -80.73, 41.92 ], [ -80.66, 41.94 ], [ -80.63, 41.94 ], [ -80.6, 41.96 ], [ -80.56, 41.96 ], [ -80.5, 42.0 ], [ -80.48, 42.0 ], [ -80.45, 42.01 ], [ -80.36, 42.03 ], [ -80.29, 42.05 ], [ -80.25, 42.08 ], [ -80.18, 42.1 ], [ -80.15, 42.15 ], [ -80.11, 42.17 ], [ -80.1, 42.15 ], [ -80.15, 42.13 ], [ -80.16, 42.11 ], [ -80.03, 42.16 ], [ -79.98, 42.18 ], [ -79.94, 42.2 ], [ -79.9, 42.21 ], [ -79.88, 42.23 ], [ -79.86, 42.22 ], [ -79.8, 42.25 ], [ -79.68, 42.3 ], [ -79.61, 42.33 ], [ -79.53, 42.38 ], [ -79.43, 42.43 ], [ -79.41, 42.45 ], [ -79.34, 42.49 ], [ -79.27, 42.52 ], [ -79.25, 42.54 ], [ -79.2, 42.56 ], [ -79.15, 42.57 ], [ -79.11, 42.62 ], [ -79.06, 42.65 ], [ -79.04, 42.7 ], [ -78.98, 42.72 ], [ -78.96, 42.74 ], [ -78.92, 42.75 ], [ -78.86, 42.79 ], [ -78.87, 42.82 ], [ -78.86, 42.83 ], [ -78.89, 42.89 ], [ -78.91, 42.91 ], [ -78.9, 42.93 ], [ -78.92, 42.95 ], [ -78.93, 42.97 ], [ -78.94, 42.99 ], [ -78.89, 43.01 ], [ -78.88, 43.03 ], [ -78.9, 43.06 ], [ -78.94, 43.07 ], [ -79.02, 43.08 ], [ -79.06, 43.09 ], [ -79.07, 43.12 ], [ -79.04, 43.14 ], [ -79.05, 43.19 ], [ -79.05, 43.2 ], [ -79.06, 43.24 ], [ -79.05, 43.25 ], [ -79.06, 43.27 ], [ -78.93, 43.29 ], [ -78.86, 43.31 ], [ -78.77, 43.33 ], [ -78.72, 43.34 ], [ -78.7, 43.34 ], [ -78.62, 43.36 ], [ -78.57, 43.36 ], [ -78.49, 43.37 ], [ -78.43, 43.37 ], [ -78.38, 43.37 ], [ -78.33, 43.37 ], [ -78.27, 43.37 ], [ -78.21, 43.36 ], [ -78.14, 43.37 ], [ -78.1, 43.37 ], [ -78.06, 43.36 ], [ -78.04, 43.37 ], [ -77.99, 43.37 ], [ -77.97, 43.37 ], [ -77.87, 43.35 ], [ -77.84, 43.35 ], [ -77.82, 43.34 ], [ -77.76, 43.34 ], [ -77.72, 43.33 ], [ -77.72, 43.31 ], [ -77.7, 43.31 ], [ -77.66, 43.28 ], [ -77.61, 43.26 ], [ -77.58, 43.24 ], [ -77.55, 43.24 ], [ -77.48, 43.25 ], [ -77.4, 43.28 ], [ -77.33, 43.28 ], [ -77.28, 43.28 ], [ -77.1, 43.29 ], [ -77.03, 43.28 ], [ -76.99, 43.28 ], [ -76.97, 43.24 ], [ -76.95, 43.24 ], [ -76.94, 43.26 ], [ -76.95, 43.28 ], [ -76.91, 43.3 ], [ -76.88, 43.3 ], [ -76.78, 43.32 ], [ -76.75, 43.33 ], [ -76.7, 43.34 ], [ -76.65, 43.4 ], [ -76.58, 43.44 ], [ -76.49, 43.47 ], [ -76.48, 43.49 ], [ -76.45, 43.5 ], [ -76.42, 43.52 ], [ -76.38, 43.53 ], [ -76.34, 43.51 ], [ -76.3, 43.51 ], [ -76.24, 43.53 ], [ -76.21, 43.57 ], [ -76.21, 43.62 ], [ -76.16, 43.65 ], [ -76.16, 43.65 ], [ -76.2, 43.67 ], [ -76.21, 43.68 ], [ -76.24, 43.8 ], [ -76.24, 43.82 ], [ -76.28, 43.82 ], [ -76.3, 43.85 ], [ -76.28, 43.87 ], [ -76.23, 43.89 ], [ -76.23, 43.87 ], [ -76.21, 43.85 ], [ -76.17, 43.88 ], [ -76.14, 43.89 ], [ -76.13, 43.91 ], [ -76.15, 43.94 ], [ -76.09, 43.97 ], [ -76.07, 43.96 ], [ -76.05, 43.98 ], [ -76.06, 43.99 ], [ -76.05, 44.01 ], [ -76.08, 44.01 ], [ -76.13, 43.97 ], [ -76.17, 43.96 ], [ -76.18, 43.97 ], [ -76.21, 43.98 ], [ -76.2, 44.0 ], [ -76.14, 44.01 ], [ -76.12, 44.03 ], [ -76.12, 44.05 ], [ -76.17, 44.07 ], [ -76.21, 44.06 ], [ -76.25, 44.07 ], [ -76.27, 44.06 ], [ -76.29, 44.01 ], [ -76.31, 44.03 ], [ -76.3, 44.05 ], [ -76.34, 44.07 ], [ -76.37, 44.11 ], [ -76.34, 44.14 ], [ -76.31, 44.15 ], [ -76.29, 44.16 ], [ -76.25, 44.17 ], [ -76.25, 44.18 ], [ -76.21, 44.2 ], [ -76.2, 44.21 ], [ -76.09, 44.24 ], [ -76.04, 44.26 ], [ -76.0, 44.3 ], [ -75.94, 44.33 ], [ -75.92, 44.34 ], [ -75.88, 44.37 ], [ -75.83, 44.4 ], [ -75.77, 44.45 ], [ -75.78, 44.47 ], [ -75.76, 44.52 ], [ -75.73, 44.53 ], [ -75.71, 44.56 ], [ -75.68, 44.57 ], [ -75.66, 44.59 ], [ -75.58, 44.64 ], [ -75.5, 44.7 ], [ -75.47, 44.71 ], [ -75.44, 44.73 ], [ -75.36, 44.78 ], [ -75.34, 44.8 ], [ -75.29, 44.82 ], [ -75.29, 44.84 ], [ -75.25, 44.85 ], [ -75.17, 44.88 ], [ -75.16, 44.88 ], [ -75.1, 44.91 ], [ -75.02, 44.92 ], [ -74.99, 44.95 ], [ -74.97, 44.96 ], [ -74.95, 44.95 ], [ -74.89, 44.97 ], [ -74.86, 44.99 ], [ -74.82, 44.99 ], [ -74.79, 45.0 ], [ -74.76, 44.99 ], [ -74.73, 45.0 ], [ -74.7, 44.99 ], [ -74.65, 45.0 ], [ -74.31, 44.98 ], [ -73.82, 45.0 ], [ -73.35, 45.01 ], [ -73.34, 45.01 ], [ -73.09, 45.02 ], [ -72.97, 45.01 ], [ -72.85, 45.02 ], [ -72.7, 45.02 ], [ -72.59, 45.01 ], [ -72.56, 45.01 ], [ -72.48, 45.01 ], [ -72.31, 45.0 ], [ -72.11, 45.01 ], [ -71.8, 45.01 ], [ -71.51, 45.01 ], [ -71.49, 45.03 ], [ -71.5, 45.06 ], [ -71.47, 45.08 ], [ -71.47, 45.1 ], [ -71.43, 45.12 ], [ -71.44, 45.13 ], [ -71.43, 45.16 ], [ -71.4, 45.2 ], [ -71.44, 45.23 ], [ -71.41, 45.24 ], [ -71.39, 45.23 ], [ -71.37, 45.26 ], [ -71.32, 45.29 ], [ -71.28, 45.29 ], [ -71.23, 45.26 ], [ -71.21, 45.26 ], [ -71.15, 45.24 ], [ -71.13, 45.25 ], [ -71.11, 45.28 ], [ -71.09, 45.3 ], [ -71.02, 45.32 ], [ -71.0, 45.34 ], [ -70.96, 45.34 ], [ -70.93, 45.31 ], [ -70.92, 45.27 ], [ -70.88, 45.23 ], [ -70.86, 45.23 ], [ -70.85, 45.29 ], [ -70.82, 45.31 ], [ -70.83, 45.34 ], [ -70.81, 45.36 ], [ -70.83, 45.39 ], [ -70.82, 45.4 ], [ -70.8, 45.43 ], [ -70.75, 45.42 ], [ -70.72, 45.4 ], [ -70.68, 45.38 ], [ -70.65, 45.38 ], [ -70.64, 45.4 ], [ -70.64, 45.42 ], [ -70.72, 45.48 ], [ -70.72, 45.51 ], [ -70.7, 45.54 ], [ -70.69, 45.57 ], [ -70.64, 45.6 ], [ -70.62, 45.62 ], [ -70.59, 45.63 ], [ -70.56, 45.66 ], [ -70.49, 45.69 ], [ -70.46, 45.7 ], [ -70.4, 45.72 ], [ -70.39, 45.73 ], [ -70.4, 45.76 ], [ -70.42, 45.79 ], [ -70.38, 45.82 ], [ -70.31, 45.86 ], [ -70.26, 45.89 ], [ -70.24, 45.94 ], [ -70.26, 45.96 ], [ -70.31, 45.96 ], [ -70.31, 46.01 ], [ -70.28, 46.05 ], [ -70.31, 46.06 ], [ -70.29, 46.09 ], [ -70.27, 46.09 ], [ -70.26, 46.11 ], [ -70.23, 46.14 ], [ -70.25, 46.16 ], [ -70.28, 46.18 ], [ -70.26, 46.23 ], [ -70.24, 46.25 ], [ -70.25, 46.26 ], [ -70.22, 46.29 ], [ -70.2, 46.29 ], [ -70.2, 46.32 ], [ -70.17, 46.36 ], [ -70.14, 46.36 ], [ -70.09, 46.4 ], [ -70.06, 46.41 ], [ -70.05, 46.43 ], [ -69.99, 46.69 ], [ -69.23, 47.45 ], [ -69.2, 47.45 ], [ -69.14, 47.45 ], [ -69.11, 47.43 ], [ -69.06, 47.43 ], [ -69.04, 47.42 ], [ -69.04, 47.39 ], [ -69.05, 47.36 ], [ -69.05, 47.35 ], [ -69.05, 47.29 ], [ -69.02, 47.24 ], [ -68.97, 47.21 ], [ -68.9, 47.18 ], [ -68.87, 47.2 ], [ -68.81, 47.22 ], [ -68.77, 47.22 ], [ -68.72, 47.24 ], [ -68.68, 47.25 ], [ -68.66, 47.24 ], [ -68.61, 47.25 ], [ -68.57, 47.28 ], [ -68.54, 47.28 ], [ -68.52, 47.3 ], [ -68.47, 47.3 ], [ -68.45, 47.29 ], [ -68.4, 47.28 ], [ -68.38, 47.29 ], [ -68.38, 47.33 ], [ -68.35, 47.35 ], [ -68.3, 47.36 ], [ -68.24, 47.35 ], [ -68.16, 47.32 ], [ -68.13, 47.3 ], [ -68.1, 47.27 ], [ -68.04, 47.25 ], [ -68.02, 47.23 ], [ -67.96, 47.2 ], [ -67.95, 47.17 ], [ -67.9, 47.14 ], [ -67.89, 47.11 ], [ -67.85, 47.08 ], [ -67.79, 47.06 ], [ -67.78, 46.38 ], [ -67.77, 45.94 ], [ -67.76, 45.93 ], [ -67.75, 45.91 ], [ -67.77, 45.89 ], [ -67.79, 45.88 ], [ -67.79, 45.86 ], [ -67.76, 45.82 ], [ -67.8, 45.79 ], [ -67.81, 45.77 ], [ -67.79, 45.74 ], [ -67.79, 45.73 ], [ -67.81, 45.72 ], [ -67.81, 45.69 ], [ -67.8, 45.67 ], [ -67.78, 45.68 ], [ -67.75, 45.66 ], [ -67.73, 45.68 ], [ -67.71, 45.67 ], [ -67.68, 45.63 ], [ -67.65, 45.62 ], [ -67.62, 45.61 ], [ -67.57, 45.6 ], [ -67.54, 45.6 ], [ -67.5, 45.59 ], [ -67.46, 45.6 ], [ -67.42, 45.57 ], [ -67.43, 45.53 ], [ -67.41, 45.51 ], [ -67.48, 45.5 ], [ -67.5, 45.49 ], [ -67.49, 45.47 ], [ -67.47, 45.43 ], [ -67.46, 45.42 ], [ -67.42, 45.39 ], [ -67.42, 45.35 ], [ -67.45, 45.33 ], [ -67.45, 45.31 ], [ -67.48, 45.28 ], [ -67.47, 45.25 ], [ -67.44, 45.22 ], [ -67.44, 45.19 ], [ -67.42, 45.17 ], [ -67.41, 45.16 ], [ -67.38, 45.15 ], [ -67.35, 45.12 ], [ -67.32, 45.13 ], [ -67.3, 45.15 ], [ -67.28, 45.18 ], [ -67.23, 45.16 ], [ -67.17, 45.16 ], [ -67.16, 45.13 ], [ -67.11, 45.08 ], [ -67.12, 45.05 ], [ -67.09, 45.03 ], [ -67.06, 44.98 ], [ -67.07, 44.93 ], [ -67.1, 44.93 ], [ -67.11, 44.95 ], [ -67.14, 44.94 ], [ -67.12, 44.92 ], [ -67.12, 44.9 ], [ -67.15, 44.89 ], [ -67.16, 44.91 ], [ -67.19, 44.92 ], [ -67.2, 44.89 ], [ -67.18, 44.88 ], [ -67.13, 44.88 ], [ -67.12, 44.85 ], [ -67.1, 44.89 ], [ -67.08, 44.88 ], [ -67.06, 44.85 ], [ -67.04, 44.85 ], [ -67.06, 44.9 ], [ -67.05, 44.9 ], [ -66.99, 44.86 ], [ -67.0, 44.84 ], [ -66.99, 44.81 ], [ -67.03, 44.78 ], [ -67.06, 44.77 ], [ -67.08, 44.74 ], [ -67.1, 44.75 ], [ -67.11, 44.72 ], [ -67.17, 44.67 ], [ -67.19, 44.67 ], [ -67.2, 44.64 ], [ -67.23, 44.64 ], [ -67.25, 44.65 ], [ -67.26, 44.63 ], [ -67.29, 44.62 ], [ -67.31, 44.66 ], [ -67.31, 44.71 ], [ -67.34, 44.7 ], [ -67.39, 44.7 ], [ -67.4, 44.68 ], [ -67.38, 44.67 ], [ -67.37, 44.63 ], [ -67.39, 44.63 ], [ -67.41, 44.61 ], [ -67.43, 44.66 ], [ -67.44, 44.65 ], [ -67.44, 44.61 ], [ -67.46, 44.6 ], [ -67.49, 44.61 ], [ -67.51, 44.64 ], [ -67.57, 44.62 ], [ -67.56, 44.6 ], [ -67.57, 44.56 ], [ -67.56, 44.54 ], [ -67.58, 44.53 ], [ -67.63, 44.53 ], [ -67.64, 44.54 ], [ -67.63, 44.56 ], [ -67.65, 44.57 ], [ -67.67, 44.57 ], [ -67.68, 44.55 ], [ -67.7, 44.54 ], [ -67.7, 44.52 ], [ -67.74, 44.53 ], [ -67.76, 44.54 ], [ -67.73, 44.6 ], [ -67.76, 44.6 ], [ -67.78, 44.58 ], [ -67.78, 44.61 ], [ -67.82, 44.58 ], [ -67.85, 44.58 ], [ -67.86, 44.53 ], [ -67.85, 44.48 ], [ -67.89, 44.47 ], [ -67.89, 44.45 ], [ -67.89, 44.41 ], [ -67.91, 44.4 ], [ -67.92, 44.46 ], [ -67.93, 44.47 ], [ -67.93, 44.42 ], [ -67.95, 44.42 ], [ -67.97, 44.47 ], [ -67.98, 44.47 ], [ -67.96, 44.51 ], [ -67.99, 44.51 ], [ -67.99, 44.49 ], [ -68.0, 44.47 ], [ -67.98, 44.45 ], [ -67.97, 44.42 ], [ -68.0, 44.41 ], [ -68.02, 44.38 ], [ -68.04, 44.36 ], [ -68.04, 44.34 ], [ -68.06, 44.34 ], [ -68.07, 44.36 ], [ -68.07, 44.39 ], [ -68.09, 44.38 ], [ -68.11, 44.44 ], [ -68.1, 44.47 ], [ -68.15, 44.5 ], [ -68.16, 44.48 ], [ -68.18, 44.48 ], [ -68.2, 44.51 ], [ -68.24, 44.47 ], [ -68.27, 44.48 ], [ -68.29, 44.45 ], [ -68.34, 44.46 ], [ -68.36, 44.44 ], [ -68.39, 44.43 ], [ -68.39, 44.42 ], [ -68.41, 44.4 ], [ -68.43, 44.41 ], [ -68.42, 44.44 ], [ -68.42, 44.48 ], [ -68.47, 44.5 ], [ -68.45, 44.43 ], [ -68.45, 44.39 ], [ -68.47, 44.39 ], [ -68.47, 44.42 ], [ -68.49, 44.42 ], [ -68.52, 44.4 ], [ -68.57, 44.41 ], [ -68.56, 44.38 ], [ -68.54, 44.36 ], [ -68.56, 44.33 ], [ -68.55, 44.3 ], [ -68.53, 44.3 ], [ -68.53, 44.25 ], [ -68.54, 44.23 ], [ -68.57, 44.26 ], [ -68.63, 44.29 ], [ -68.68, 44.3 ], [ -68.73, 44.33 ], [ -68.76, 44.34 ], [ -68.77, 44.32 ], [ -68.81, 44.31 ], [ -68.82, 44.35 ], [ -68.8, 44.36 ], [ -68.77, 44.36 ], [ -68.76, 44.38 ], [ -68.77, 44.39 ], [ -68.75, 44.42 ], [ -68.72, 44.4 ], [ -68.72, 44.45 ], [ -68.77, 44.43 ], [ -68.79, 44.39 ], [ -68.82, 44.39 ], [ -68.78, 44.47 ], [ -68.77, 44.5 ], [ -68.75, 44.52 ], [ -68.74, 44.55 ], [ -68.76, 44.55 ], [ -68.77, 44.57 ], [ -68.81, 44.58 ], [ -68.82, 44.61 ], [ -68.84, 44.6 ], [ -68.81, 44.57 ], [ -68.81, 44.52 ], [ -68.81, 44.49 ], [ -68.83, 44.48 ], [ -68.81, 44.46 ], [ -68.85, 44.45 ], [ -68.85, 44.47 ], [ -68.9, 44.45 ], [ -68.92, 44.45 ], [ -68.94, 44.43 ], [ -68.98, 44.43 ], [ -68.99, 44.42 ], [ -68.98, 44.39 ], [ -68.95, 44.38 ], [ -68.95, 44.33 ], [ -68.97, 44.3 ], [ -69.0, 44.3 ], [ -69.0, 44.28 ], [ -69.04, 44.23 ], [ -69.05, 44.18 ], [ -69.07, 44.18 ], [ -69.08, 44.15 ], [ -69.07, 44.13 ], [ -69.1, 44.11 ], [ -69.1, 44.09 ], [ -69.07, 44.09 ], [ -69.04, 44.08 ], [ -69.06, 44.06 ], [ -69.07, 44.05 ], [ -69.12, 44.04 ], [ -69.11, 44.02 ], [ -69.12, 44.0 ], [ -69.17, 44.01 ], [ -69.19, 43.98 ], [ -69.2, 43.96 ], [ -69.22, 43.94 ], [ -69.26, 43.93 ], [ -69.28, 43.95 ], [ -69.25, 43.96 ], [ -69.26, 43.97 ], [ -69.22, 43.99 ], [ -69.21, 44.02 ], [ -69.18, 44.05 ], [ -69.19, 44.05 ], [ -69.22, 44.03 ], [ -69.25, 44.01 ], [ -69.28, 43.96 ], [ -69.31, 43.94 ], [ -69.31, 43.98 ], [ -69.33, 43.97 ], [ -69.36, 43.97 ], [ -69.35, 44.01 ], [ -69.37, 44.03 ], [ -69.35, 44.04 ], [ -69.35, 44.07 ], [ -69.37, 44.07 ], [ -69.37, 44.05 ], [ -69.39, 44.05 ], [ -69.41, 44.02 ], [ -69.39, 44.02 ], [ -69.4, 44.0 ], [ -69.43, 43.99 ], [ -69.45, 43.95 ], [ -69.46, 43.93 ], [ -69.49, 43.86 ], [ -69.52, 43.86 ], [ -69.54, 43.88 ], [ -69.56, 43.87 ], [ -69.58, 43.89 ], [ -69.57, 43.9 ], [ -69.56, 43.93 ], [ -69.57, 43.94 ], [ -69.56, 43.97 ], [ -69.53, 44.0 ], [ -69.53, 44.02 ], [ -69.54, 44.03 ], [ -69.55, 43.99 ], [ -69.59, 43.96 ], [ -69.59, 43.91 ], [ -69.59, 43.88 ], [ -69.57, 43.85 ], [ -69.59, 43.81 ], [ -69.65, 43.85 ], [ -69.67, 43.85 ], [ -69.67, 43.88 ], [ -69.65, 43.92 ], [ -69.66, 43.94 ], [ -69.65, 43.98 ], [ -69.63, 44.02 ], [ -69.66, 44.02 ], [ -69.67, 44.0 ], [ -69.72, 43.94 ], [ -69.73, 43.93 ], [ -69.73, 43.91 ], [ -69.77, 43.89 ], [ -69.74, 43.87 ], [ -69.73, 43.85 ], [ -69.75, 43.81 ], [ -69.7, 43.84 ], [ -69.72, 43.81 ], [ -69.72, 43.8 ], [ -69.75, 43.76 ], [ -69.77, 43.76 ], [ -69.77, 43.79 ], [ -69.78, 43.81 ], [ -69.78, 43.87 ], [ -69.8, 43.89 ], [ -69.8, 43.94 ], [ -69.81, 43.96 ], [ -69.81, 43.99 ], [ -69.8, 44.03 ], [ -69.77, 44.05 ], [ -69.79, 44.08 ], [ -69.8, 44.04 ], [ -69.82, 44.04 ], [ -69.83, 44.01 ], [ -69.85, 44.01 ], [ -69.86, 43.98 ], [ -69.88, 43.97 ], [ -69.87, 43.96 ], [ -69.85, 43.97 ], [ -69.83, 43.95 ], [ -69.81, 43.94 ], [ -69.82, 43.88 ], [ -69.8, 43.88 ], [ -69.8, 43.85 ], [ -69.81, 43.84 ], [ -69.79, 43.8 ], [ -69.78, 43.77 ], [ -69.83, 43.71 ], [ -69.85, 43.73 ], [ -69.84, 43.75 ], [ -69.86, 43.76 ], [ -69.86, 43.78 ], [ -69.87, 43.81 ], [ -69.85, 43.82 ], [ -69.87, 43.84 ], [ -69.86, 43.88 ], [ -69.9, 43.88 ], [ -69.89, 43.86 ], [ -69.88, 43.82 ], [ -69.89, 43.8 ], [ -69.91, 43.8 ], [ -69.93, 43.78 ], [ -69.96, 43.79 ], [ -69.92, 43.85 ], [ -69.95, 43.85 ], [ -69.95, 43.82 ], [ -69.98, 43.8 ], [ -69.99, 43.76 ], [ -70.01, 43.74 ], [ -70.03, 43.76 ], [ -70.0, 43.78 ], [ -69.99, 43.81 ], [ -69.97, 43.82 ], [ -69.96, 43.84 ], [ -70.02, 43.86 ], [ -70.04, 43.83 ], [ -70.07, 43.83 ], [ -70.09, 43.85 ], [ -70.12, 43.8 ], [ -70.16, 43.77 ], [ -70.18, 43.77 ], [ -70.19, 43.75 ], [ -70.21, 43.71 ], [ -70.24, 43.69 ], [ -70.23, 43.67 ], [ -70.23, 43.65 ], [ -70.2, 43.62 ], [ -70.21, 43.56 ], [ -70.26, 43.56 ], [ -70.3, 43.54 ], [ -70.31, 43.53 ], [ -70.34, 43.54 ], [ -70.35, 43.53 ], [ -70.37, 43.47 ], [ -70.36, 43.44 ], [ -70.41, 43.4 ], [ -70.44, 43.36 ], [ -70.48, 43.34 ], [ -70.52, 43.35 ], [ -70.54, 43.34 ], [ -70.59, 43.26 ], [ -70.58, 43.22 ], [ -70.6, 43.18 ], [ -70.62, 43.17 ], [ -70.63, 43.14 ], [ -70.65, 43.13 ], [ -70.65, 43.1 ], [ -70.67, 43.07 ], [ -70.7, 43.08 ], [ -70.76, 43.09 ], [ -70.77, 43.1 ], [ -70.83, 43.13 ], [ -70.86, 43.12 ], [ -70.9, 43.08 ], [ -70.9, 43.06 ], [ -70.86, 43.07 ], [ -70.85, 43.11 ], [ -70.81, 43.11 ], [ -70.78, 43.1 ], [ -70.77, 43.08 ], [ -70.75, 43.07 ], [ -70.73, 43.05 ], [ -70.71, 43.04 ], [ -70.72, 43.03 ], [ -70.75, 43.0 ], [ -70.76, 42.98 ], [ -70.78, 42.96 ], [ -70.8, 42.93 ], [ -70.8, 42.92 ], [ -70.81, 42.89 ], [ -70.82, 42.82 ], [ -70.86, 42.81 ], [ -70.85, 42.79 ], [ -70.81, 42.8 ], [ -70.79, 42.73 ], [ -70.82, 42.74 ], [ -70.82, 42.71 ], [ -70.77, 42.67 ], [ -70.76, 42.64 ], [ -70.74, 42.64 ], [ -70.71, 42.66 ], [ -70.69, 42.64 ], [ -70.65, 42.68 ], [ -70.62, 42.68 ], [ -70.62, 42.66 ], [ -70.59, 42.65 ], [ -70.61, 42.63 ], [ -70.63, 42.6 ], [ -70.66, 42.61 ], [ -70.69, 42.58 ], [ -70.74, 42.57 ], [ -70.76, 42.56 ], [ -70.78, 42.56 ], [ -70.82, 42.55 ], [ -70.85, 42.54 ], [ -70.89, 42.55 ], [ -70.87, 42.5 ], [ -70.86, 42.51 ], [ -70.85, 42.48 ], [ -70.88, 42.47 ], [ -70.89, 42.45 ], [ -70.93, 42.46 ], [ -70.93, 42.44 ], [ -70.98, 42.42 ], [ -70.99, 42.4 ], [ -70.96, 42.34 ], [ -70.98, 42.34 ], [ -70.98, 42.36 ], [ -71.02, 42.37 ], [ -71.04, 42.36 ], [ -71.03, 42.34 ], [ -71.04, 42.29 ], [ -71.02, 42.28 ], [ -71.0, 42.27 ], [ -70.96, 42.26 ], [ -70.94, 42.24 ], [ -70.9, 42.26 ], [ -70.88, 42.26 ], [ -70.89, 42.3 ], [ -70.86, 42.27 ], [ -70.8, 42.25 ], [ -70.78, 42.25 ], [ -70.74, 42.21 ], [ -70.72, 42.17 ], [ -70.7, 42.16 ], [ -70.69, 42.13 ], [ -70.64, 42.08 ], [ -70.66, 42.06 ], [ -70.68, 42.02 ], [ -70.71, 42.01 ], [ -70.7, 41.99 ], [ -70.68, 41.98 ], [ -70.65, 41.95 ], [ -70.61, 41.94 ], [ -70.59, 41.95 ], [ -70.54, 41.93 ], [ -70.55, 41.9 ], [ -70.53, 41.89 ], [ -70.53, 41.85 ], [ -70.54, 41.83 ], [ -70.54, 41.81 ], [ -70.49, 41.77 ], [ -70.42, 41.74 ], [ -70.38, 41.73 ], [ -70.31, 41.73 ], [ -70.35, 41.71 ], [ -70.29, 41.7 ], [ -70.24, 41.72 ], [ -70.24, 41.73 ], [ -70.18, 41.75 ], [ -70.13, 41.76 ], [ -70.1, 41.76 ], [ -70.03, 41.79 ], [ -70.0, 41.82 ], [ -70.02, 41.87 ], [ -70.03, 41.89 ], [ -70.01, 41.9 ], [ -70.04, 41.91 ], [ -70.04, 41.93 ], [ -70.07, 41.92 ], [ -70.07, 41.88 ], [ -70.08, 41.88 ], [ -70.08, 41.92 ], [ -70.09, 41.98 ], [ -70.12, 42.03 ], [ -70.15, 42.05 ], [ -70.18, 42.05 ], [ -70.21, 42.02 ], [ -70.24, 42.05 ], [ -70.25, 42.07 ], [ -70.23, 42.08 ], [ -70.17, 42.08 ], [ -70.09, 42.06 ], [ -70.05, 42.03 ], [ -70.01, 41.98 ], [ -69.96, 41.9 ], [ -69.94, 41.84 ], [ -69.96, 41.83 ], [ -69.96, 41.8 ], [ -69.93, 41.79 ], [ -69.93, 41.7 ], [ -69.93, 41.7 ], [ -69.94, 41.75 ], [ -69.97, 41.76 ], [ -69.97, 41.73 ], [ -69.99, 41.73 ], [ -69.98, 41.7 ], [ -69.95, 41.7 ], [ -69.95, 41.68 ], [ -69.98, 41.66 ], [ -70.01, 41.67 ], [ -70.06, 41.66 ], [ -70.09, 41.66 ], [ -70.14, 41.65 ], [ -70.19, 41.65 ], [ -70.2, 41.64 ], [ -70.25, 41.62 ], [ -70.27, 41.63 ], [ -70.35, 41.63 ], [ -70.37, 41.61 ], [ -70.41, 41.64 ], [ -70.43, 41.62 ], [ -70.44, 41.59 ], [ -70.47, 41.56 ], [ -70.51, 41.55 ], [ -70.53, 41.55 ], [ -70.61, 41.54 ], [ -70.65, 41.52 ], [ -70.66, 41.54 ], [ -70.65, 41.57 ], [ -70.65, 41.58 ], [ -70.64, 41.62 ], [ -70.65, 41.64 ], [ -70.62, 41.67 ], [ -70.63, 41.7 ], [ -70.62, 41.74 ], [ -70.69, 41.72 ], [ -70.72, 41.73 ], [ -70.74, 41.72 ], [ -70.72, 41.69 ], [ -70.75, 41.7 ], [ -70.76, 41.65 ], [ -70.8, 41.65 ], [ -70.8, 41.63 ], [ -70.84, 41.63 ], [ -70.87, 41.59 ], [ -70.88, 41.62 ], [ -70.9, 41.63 ], [ -70.91, 41.66 ], [ -70.92, 41.66 ], [ -70.92, 41.61 ], [ -70.93, 41.59 ], [ -70.95, 41.58 ], [ -70.93, 41.54 ], [ -70.97, 41.52 ], [ -70.99, 41.51 ], [ -71.01, 41.51 ], [ -71.04, 41.5 ], [ -71.05, 41.52 ], [ -71.1, 41.54 ], [ -71.1, 41.5 ], [ -71.17, 41.47 ], [ -71.19, 41.47 ], [ -71.21, 41.5 ], [ -71.2, 41.53 ], [ -71.22, 41.55 ], [ -71.21, 41.56 ], [ -71.22, 41.59 ], [ -71.19, 41.6 ], [ -71.21, 41.62 ], [ -71.21, 41.66 ], [ -71.19, 41.7 ], [ -71.22, 41.71 ], [ -71.24, 41.7 ], [ -71.26, 41.65 ], [ -71.29, 41.67 ], [ -71.31, 41.71 ], [ -71.35, 41.72 ], [ -71.37, 41.75 ], [ -71.37, 41.77 ], [ -71.4, 41.79 ], [ -71.4, 41.73 ], [ -71.38, 41.72 ], [ -71.37, 41.69 ], [ -71.38, 41.67 ], [ -71.4, 41.69 ], [ -71.45, 41.68 ], [ -71.42, 41.66 ], [ -71.42, 41.59 ], [ -71.42, 41.58 ], [ -71.45, 41.57 ], [ -71.43, 41.54 ], [ -71.43, 41.48 ], [ -71.44, 41.45 ], [ -71.46, 41.44 ], [ -71.46, 41.42 ], [ -71.5, 41.36 ], [ -71.53, 41.38 ], [ -71.54, 41.37 ], [ -71.58, 41.37 ], [ -71.65, 41.35 ], [ -71.7, 41.34 ], [ -71.71, 41.33 ], [ -71.83, 41.32 ], [ -71.86, 41.31 ], [ -71.86, 41.33 ], [ -71.89, 41.34 ], [ -71.92, 41.33 ], [ -71.97, 41.35 ], [ -71.99, 41.34 ], [ -72.01, 41.31 ], [ -72.04, 41.31 ], [ -72.08, 41.33 ], [ -72.11, 41.31 ], [ -72.14, 41.3 ], [ -72.18, 41.32 ], [ -72.2, 41.32 ], [ -72.22, 41.3 ], [ -72.25, 41.3 ], [ -72.27, 41.29 ], [ -72.32, 41.28 ], [ -72.35, 41.29 ], [ -72.35, 41.27 ], [ -72.39, 41.26 ], [ -72.4, 41.28 ], [ -72.44, 41.28 ], [ -72.47, 41.27 ], [ -72.5, 41.27 ], [ -72.53, 41.25 ], [ -72.57, 41.27 ], [ -72.62, 41.27 ], [ -72.67, 41.27 ], [ -72.68, 41.25 ], [ -72.71, 41.26 ], [ -72.75, 41.27 ], [ -72.81, 41.26 ], [ -72.85, 41.26 ], [ -72.86, 41.24 ], [ -72.89, 41.24 ], [ -72.9, 41.26 ], [ -72.9, 41.28 ], [ -72.92, 41.3 ], [ -72.93, 41.26 ], [ -72.98, 41.23 ], [ -73.01, 41.2 ], [ -73.02, 41.21 ], [ -73.07, 41.19 ], [ -73.11, 41.16 ], [ -73.1, 41.15 ], [ -73.14, 41.14 ], [ -73.17, 41.17 ], [ -73.18, 41.16 ], [ -73.21, 41.14 ], [ -73.23, 41.14 ], [ -73.26, 41.12 ], [ -73.28, 41.13 ], [ -73.34, 41.11 ], [ -73.36, 41.11 ], [ -73.38, 41.08 ], [ -73.46, 41.05 ], [ -73.54, 41.03 ], [ -73.57, 41.01 ], [ -73.62, 41.02 ], [ -73.66, 41.0 ], [ -73.65, 40.98 ], [ -73.67, 40.95 ], [ -73.71, 40.95 ], [ -73.72, 40.93 ], [ -73.73, 40.93 ], [ -73.76, 40.9 ], [ -73.78, 40.89 ], [ -73.79, 40.87 ], [ -73.81, 40.86 ], [ -73.78, 40.82 ], [ -73.91, 40.81 ], [ -73.96, 40.75 ], [ -73.98, 40.72 ], [ -74.0, 40.7 ], [ -74.04, 40.7 ], [ -74.1, 40.66 ], [ -74.09, 40.65 ], [ -74.13, 40.65 ], [ -74.12, 40.67 ], [ -74.1, 40.7 ], [ -74.13, 40.7 ], [ -74.15, 40.67 ], [ -74.17, 40.64 ], [ -74.19, 40.64 ], [ -74.2, 40.62 ], [ -74.21, 40.56 ], [ -74.24, 40.56 ], [ -74.25, 40.53 ], [ -74.27, 40.48 ], [ -74.27, 40.46 ], [ -74.2, 40.43 ], [ -74.18, 40.45 ], [ -74.15, 40.44 ], [ -74.13, 40.45 ], [ -74.09, 40.43 ], [ -74.07, 40.43 ], [ -73.98, 40.39 ], [ -74.01, 40.39 ], [ -74.01, 40.37 ], [ -73.98, 40.37 ], [ -73.99, 40.35 ], [ -74.02, 40.34 ], [ -74.0, 40.32 ], [ -73.97, 40.34 ], [ -73.97, 40.36 ], [ -73.97, 40.4 ], [ -73.99, 40.43 ], [ -74.0, 40.44 ], [ -73.98, 40.45 ], [ -73.97, 40.43 ], [ -73.96, 40.38 ], [ -73.97, 40.33 ], [ -73.98, 40.3 ], [ -73.98, 40.28 ], [ -74.0, 40.22 ], [ -74.01, 40.18 ], [ -74.03, 40.19 ], [ -74.05, 40.18 ], [ -74.01, 40.17 ], [ -74.02, 40.13 ], [ -74.03, 40.05 ], [ -74.04, 40.03 ], [ -74.05, 39.97 ], [ -74.07, 39.88 ], [ -74.07, 39.87 ], [ -74.09, 39.85 ], [ -74.08, 39.91 ], [ -74.07, 39.93 ], [ -74.07, 39.96 ], [ -74.05, 40.01 ], [ -74.06, 40.06 ], [ -74.08, 40.01 ], [ -74.11, 40.02 ], [ -74.11, 40.0 ], [ -74.14, 39.99 ], [ -74.1, 39.97 ], [ -74.11, 39.94 ], [ -74.11, 39.92 ], [ -74.13, 39.88 ], [ -74.13, 39.85 ], [ -74.15, 39.83 ], [ -74.17, 39.83 ], [ -74.19, 39.74 ], [ -74.16, 39.74 ], [ -74.17, 39.7 ], [ -74.22, 39.64 ], [ -74.25, 39.64 ], [ -74.26, 39.62 ], [ -74.3, 39.6 ], [ -74.33, 39.56 ], [ -74.3, 39.54 ], [ -74.3, 39.51 ], [ -74.33, 39.51 ], [ -74.32, 39.53 ], [ -74.34, 39.54 ], [ -74.4, 39.54 ], [ -74.41, 39.52 ], [ -74.4, 39.46 ], [ -74.4, 39.45 ], [ -74.44, 39.46 ], [ -74.46, 39.42 ], [ -74.48, 39.41 ], [ -74.47, 39.4 ], [ -74.49, 39.37 ], [ -74.52, 39.37 ], [ -74.53, 39.34 ], [ -74.55, 39.34 ], [ -74.56, 39.31 ], [ -74.57, 39.3 ], [ -74.63, 39.31 ], [ -74.66, 39.29 ], [ -74.62, 39.28 ], [ -74.63, 39.24 ], [ -74.65, 39.23 ] ], [ [ -80.84, 27.19 ], [ -80.88, 27.13 ], [ -80.91, 27.1 ], [ -80.93, 27.09 ], [ -80.95, 27.08 ], [ -80.93, 27.05 ], [ -80.93, 27.04 ], [ -80.96, 27.04 ], [ -80.97, 27.06 ], [ -80.99, 27.03 ], [ -81.03, 27.01 ], [ -81.06, 27.0 ], [ -81.09, 26.98 ], [ -81.08, 26.97 ], [ -81.1, 26.93 ], [ -81.11, 26.89 ], [ -81.1, 26.87 ], [ -81.1, 26.85 ], [ -81.06, 26.82 ], [ -81.03, 26.82 ], [ -80.98, 26.82 ], [ -80.93, 26.77 ], [ -80.84, 26.73 ], [ -80.82, 26.7 ], [ -80.77, 26.7 ], [ -80.74, 26.69 ], [ -80.72, 26.7 ], [ -80.74, 26.75 ], [ -80.75, 26.76 ], [ -80.73, 26.78 ], [ -80.71, 26.74 ], [ -80.69, 26.76 ], [ -80.7, 26.8 ], [ -80.69, 26.81 ], [ -80.65, 26.84 ], [ -80.62, 26.89 ], [ -80.61, 26.96 ], [ -80.62, 26.99 ], [ -80.66, 27.08 ], [ -80.66, 27.1 ], [ -80.68, 27.12 ], [ -80.69, 27.14 ], [ -80.74, 27.18 ], [ -80.8, 27.21 ], [ -80.83, 27.2 ], [ -80.84, 27.19 ] ] ] ] } }
]
}
